0,1,2,3,4,5,6
0.6948786759311348,0.0,0.0,0.0,0.0,0.6,10.8
0.6219382480919798,1.0,1.0,1.0,1.0,0.6,10.8
1.0,1.0,0.14987081584248374,1.0,0.0,0.6,10.8
1.0,1.0,1.0,1.0,1.0,0.6,10.8
0.0,1.0,1.0,1.0,1.0,0.6,10.8
0.4236380559138894,1.0,1.0,1.0,1.0,0.6,10.8
1.0,1.0,1.0,1.0,1.0,0.6,10.8
1.0,1.0,0.0,1.0,1.0,0.6,10.8
0.0,1.0,1.0,1.0,1.0,0.6,10.8
1.0,1.0,1.0,1.0,0.0,0.6,10.8
1.0,1.0,1.0,1.0,0.0,0.6,10.8
1.0,1.0,1.0,1.0,1.0,0.6,10.8
0.0,1.0,1.0,1.0,1.0,0.6,10.8
1.0,1.0,0.0,1.0,1.0,0.6,10.8
0.4235809951316864,1.0,1.0,1.0,1.0,0.6,10.8
1.0,1.0,1.0,1.0,1.0,0.6,10.8
1.0,1.0,0.0,1.0,1.0,0.6,10.8
0.7812150093915904,0.1923544034699058,0.1844618522602066,4.166245272094825e-08,0.6668025622187956,0.6,10.8
0.42124532424336564,1.0,1.0,1.0,1.0,0.6,10.8
0.0,1.0,1.0,1.0,1.0,0.6,10.8
1.0,1.0,1.0,0.0,1.0,0.6,10.8
1.0,1.0,1.0,1.0,0.0,0.6,10.8
1.0,1.0,1.0,1.0,1.0,0.6,10.8
0.0,1.0,1.0,1.0,1.0,0.6,10.8
0.3921918982793455,1.0,1.0,1.0,1.0,0.6,10.8
1.0,1.0,1.0,1.0,1.0,0.6,10.8
1.0,1.0,1.0,1.0,0.0,0.6,10.8
0.0,1.0,1.0,1.0,1.0,0.6,10.8
0.3922475467774627,1.0,1.0,1.0,1.0,0.6,10.8
0.376808328227961,0.15541316075407183,0.39476197824623327,0.26253328990451114,0.556600524760048,0.6,10.8
0.3879167820899368,1.0,1.0,1.0,1.0,0.6,10.8
0.0,1.0,1.0,1.0,1.0,0.6,10.8
1.0,1.0,1.0,0.0,1.0,0.6,10.8
1.0,1.0,1.0,1.0,1.0,0.6,10.8
1.0,0.0,1.0,1.0,1.0,0.6,10.8
0.0,1.0,1.0,1.0,1.0,0.6,10.8
1.0,1.0,1.0,1.0,1.0,0.6,10.8
0.655013221951796,0.17336666789090427,0.6886290806754167,0.4161325002059354,0.9903084239677514,0.6,10.8
1.0,1.0,1.0,0.0,1.0,0.6,10.8
0.3911714412058929,1.0,1.0,1.0,1.0,0.6,10.8
0.0,1.0,1.0,1.0,1.0,0.6,10.8
0.38016647916705604,0.4485294485430871,0.3425196165922775,0.7803116620063039,0.20876213626806342,0.6,10.8
1.0,1.0,1.0,1.0,0.0,0.6,10.8
1.0,1.0,1.0,1.0,1.0,0.6,10.8
0.38759428884539554,1.0,1.0,1.0,1.0,0.6,10.8
0.3716761562529755,1.0,1.0,1.0,1.0,0.6,10.8
1.0,1.0,1.0,1.0,0.0,0.6,10.8
1.0,1.0,1.0,1.0,1.0,0.6,10.8
0.0,1.0,1.0,1.0,1.0,0.6,10.8
1.0,1.0,1.0,1.0,1.0,0.6,10.8
1.0,1.0,1.0,1.0,1.0,0.6,10.8
0.0,1.0,1.0,1.0,1.0,0.6,10.8
0.3883841991755324,1.0,1.0,1.0,1.0,0.6,10.8
1.0,1.0,1.0,1.0,0.050461828626029465,0.6,10.8
1.0,0.1022795648509086,1.0,1.0,0.0,0.6,10.8
1.0,0.0,1.0,1.0,1.0,0.6,10.8
1.0,1.0,1.0,1.0,1.0,0.6,10.8
0.3887261470517957,1.0,1.0,1.0,1.0,0.6,10.8
1.0,1.0,1.0,1.0,0.0,0.6,10.8
0.0,1.0,1.0,1.0,1.0,0.6,10.8
0.4082277059634249,0.020748316870598766,0.404910117783334,0.7391659084417134,0.6638881283334275,0.6,10.8
1.0,1.0,1.0,1.0,1.0,0.6,10.8
0.369543146941529,1.0,1.0,1.0,1.0,0.6,10.8
0.0,1.0,1.0,1.0,1.0,0.6,10.8
1.0,1.0,1.0,1.0,1.0,0.6,10.8
1.0,0.9999999999967845,0.9999999999994034,0.9999999999989224,0.9999999999970007,0.6,10.8
0.15202857154688346,0.2064374905231937,0.03071625419556387,0.04182560198567942,0.6351142015740237,0.6,10.8
0.9999999998830774,1.0,1.0,1.0,1.0,0.6,10.8
0.0,1.0,1.0,1.0,1.0,0.6,10.8
0.3574614153686656,1.0,1.0,1.0,1.0,0.6,10.8
1.0,1.0,1.0,1.0,1.0,0.6,10.8
0.38841264665857705,1.0,1.0,1.0,1.0,0.6,10.8
0.7060979333596838,0.06601450693636098,0.12571899668121245,0.3802917213888452,0.602758673719183,0.6,10.8
0.0772811672583675,0.9999700509287642,0.12054745256095764,0.5319664115996907,0.567277407383031,0.6,10.8
0.0,1.0,1.0,1.0,1.0,0.6,10.8
1.0,0.5042641477393673,1.0,0.5199104518935203,0.5267439632069755,0.6,10.8
1.0,1.0,1.0,1.0,1.0,0.6,10.8
0.9999999999999558,1.0,1.0,0.9999999886165423,0.9999999973756842,0.6,10.8
0.0,1.0,1.0,1.0,1.0,0.6,10.8
0.34458291676658587,1.0,1.0,1.0,1.0,0.6,10.8
1.0,1.0,0.643572746806775,1.0,0.8073338813839829,0.6,10.8
0.10735345047867031,0.1793108282670014,0.9183464712767596,0.20427633587153754,0.8986903083029432,0.6,10.8
1.0,1.0,1.0,1.0,1.0,0.6,10.8
0.40061538456701973,1.0,1.0,1.0,1.0,0.6,10.8
0.0,1.0,1.0,1.0,1.0,0.6,10.8
0.4015606589390836,1.0,1.0,1.0,1.0,0.6,10.8
1.0,1.0,0.6848327474550175,1.0,0.8596875815680347,0.6,10.8
0.0,1.0,1.0,1.0,1.0,0.6,10.8
1.0,0.5653185964678916,0.2964161957076962,0.0,1.0,0.6,10.8
1.0,1.0,1.0,1.0,1.0,0.6,10.8
0.40408358633176444,1.0,1.0,1.0,1.0,0.6,10.8
0.09689027167717687,0.0,0.5605106005854544,0.9901175690303711,0.6907324066978479,0.6,10.8
1.0,1.0,0.0,1.0,1.0,0.6,10.8
1.0,1.0,1.0,1.0,1.0,0.6,10.8
0.0,1.0,1.0,1.0,1.0,0.6,10.8
0.09161495481569364,0.782993083636132,0.20909889723349,0.0,0.40994173345798823,0.6,10.8
1.0,1.0,0.0,1.0,1.0,0.6,10.8
0.0,1.0,1.0,1.0,1.0,0.6,10.8
1.0,1.0,1.0,1.0,1.0,0.6,10.8
0.40365108407024686,1.0,1.0,1.0,1.0,0.6,10.8
1.0,1.0,0.6018257517332259,1.0,1.0,0.6,10.8
1.0,1.0,1.0,1.0,1.0,0.6,10.8
0.0,1.0,1.0,1.0,1.0,0.6,10.8
0.39029746933332493,1.0,1.0,1.0,1.0,0.6,10.8
1.0,1.0,0.23025237828182982,1.0,1.0,0.6,10.8
1.0,1.0,0.38250689940414034,1.0,1.0,0.6,10.8
0.0,1.0,1.0,1.0,1.0,0.6,10.8
1.0,1.0,1.0,1.0,1.0,0.6,10.8
0.39059040353210345,1.0,1.0,1.0,1.0,0.6,10.8
0.08455827715504477,0.10384402367092242,0.7888745080070562,0.21185215152529915,0.6712207596429655,0.6,10.8
0.41185218691117864,1.0,1.0,1.0,1.0,0.6,10.8
0.24409852860012018,1.0,0.6240097149399473,1.0,0.6617927086520556,0.6,10.8
1.0,1.0,0.19363679916103263,1.0,1.0,0.6,10.8
1.0,1.0,1.0,1.0,1.0,0.6,10.8
0.0,1.0,1.0,1.0,1.0,0.6,10.8
0.42505641766360747,0.16000546854237657,0.5072070600957339,0.896417456062436,0.2212452406499161,0.6,10.8
0.0,1.0,1.0,1.0,1.0,0.6,10.8
0.5920174171806412,1.0,1.0,1.0,1.0,0.6,10.8
0.2299273799434924,1.0,1.0,1.0,1.0,0.6,10.8
1.0,1.0,1.0,1.0,1.0,0.6,10.8
1.0,0.309543571691988,0.2566010730937162,0.058671520297169016,1.0,0.6,10.8
0.41510371540311103,1.0,1.0,1.0,1.0,0.6,10.8
1.0,1.0,1.0,1.0,1.0,0.6,10.8
0.0,1.0,1.0,1.0,1.0,0.6,10.8
1.0,1.0,0.6772858535614602,1.0,0.8076202789930288,0.6,10.8
0.11049379424255576,0.624400958732542,0.7846521969498007,0.23531292332386225,0.6640911529367073,0.6,10.8
0.08730896926738371,0.76576774561712,0.8310497975446963,0.058487294424051685,0.804358453661018,0.6,10.8
0.41658988309143236,1.0,1.0,1.0,1.0,0.6,10.8
1.0,1.0,1.0,1.0,1.0,0.6,10.8
0.0,1.0,1.0,1.0,1.0,0.6,10.8
0.4022907047487068,1.0,1.0,1.0,1.0,0.6,10.8
1.0,1.0,0.7436192805669963,1.0,0.9128333294526115,0.6,10.8
1.0,1.0,1.0,1.0,1.0,0.6,10.8
0.0,1.0,1.0,1.0,1.0,0.6,10.8
1.0,1.0,0.5443478899506975,1.0,0.6010040683020974,0.6,10.8
1.0,1.0,0.6163024887220865,1.0,0.702831761003306,0.6,10.8
1.0,1.0,1.0,1.0,1.0,0.6,10.8
0.22778140052443577,0.11267609333642183,0.31043023300039013,0.6302117126764938,0.6821777090267281,0.6,10.8
0.0,1.0,1.0,1.0,1.0,0.6,10.8
0.40234255217628184,1.0,1.0,1.0,1.0,0.6,10.8
1.0,1.0,0.5835956453850486,1.0,0.6728098920402156,0.6,10.8
0.0,1.0,1.0,1.0,1.0,0.6,10.8
0.4025279303818339,1.0,1.0,1.0,1.0,0.6,10.8
0.0029717618380029846,0.13023157908565697,0.05131549619401449,5.444153628981055e-06,0.2593283746225155,0.6,10.8
1.0,1.0,1.0,1.0,1.0,0.6,10.8
0.0,1.0,1.0,1.0,1.0,0.6,10.8
0.40142536821983904,1.0,1.0,1.0,1.0,0.6,10.8
1.0,1.0,1.0,1.0,1.0,0.6,10.8
1.0,1.0,0.6354925364495346,1.0,0.7407469598536915,0.6,10.8
1.0,0.6198762557504263,0.33943940001669826,0.4043235033114003,0.6707169554184387,0.6,10.8
1.0,1.0,1.0,1.0,1.0,0.6,10.8
1.0,1.0,0.4554064760745681,1.0,1.0,0.6,10.8
0.3494883001949624,1.0,1.0,1.0,1.0,0.6,10.8
0.0,1.0,1.0,1.0,1.0,0.6,10.8
0.597972083743072,0.30616264603142834,0.09523769303970418,0.6160380567105956,0.08327704994052039,0.6,10.8
0.0,1.0,1.0,1.0,1.0,0.6,10.8
0.28036104855965,0.669886770793178,0.8567312631012348,0.3757029590655768,0.5085685916070299,0.6,10.8
0.34925920029332314,1.0,1.0,1.0,1.0,0.6,10.8
1.0,1.0,0.46139903454901143,1.0,1.0,0.6,10.8
1.0,1.0,1.0,1.0,1.0,0.6,10.8
1.0,1.0,1.0,1.0,1.0,0.6,10.8
0.3469444224289777,1.0,1.0,1.0,1.0,0.6,10.8
0.0,1.0,1.0,1.0,1.0,0.6,10.8
1.0,1.0,0.5996090688504195,0.6775730952157102,1.0,0.6,10.8
0.6985618249627753,0.4228252874210023,0.5378661571558476,0.8493026593499045,0.8989047104931541,0.6,10.8
1.0,1.0,1.0,1.0,1.0,0.6,10.8
0.336930878011547,1.0,1.0,1.0,1.0,0.6,10.8
1.0,1.0,0.5135430377284713,0.47589117151024346,1.0,0.6,10.8
0.0,1.0,1.0,1.0,1.0,0.6,10.8
1.0,1.0,1.0,1.0,1.0,0.6,10.8
1.0,1.0,1.0,1.0,1.0,0.6,10.8
0.48015648662165517,0.8506509660552449,0.6647613586266352,0.5203202705819336,0.49066132897672143,0.6,10.8
0.0,1.0,1.0,1.0,1.0,0.6,10.8
1.0,1.0,0.5913308405388193,0.6748937277951581,0.8441834534310935,0.6,10.8
0.34605511751808576,1.0,1.0,1.0,1.0,0.6,10.8
1.0,1.0,0.49466105226931617,0.5329216064779129,0.7960107822365126,0.6,10.8
0.3459923966231226,1.0,1.0,1.0,1.0,0.6,10.8
1.0,1.0,0.7262552652213536,0.9519840236010695,0.9493066647604912,0.6,10.8
1.0,1.0,1.0,1.0,1.0,0.6,10.8
0.0,1.0,1.0,1.0,1.0,0.6,10.8
1.0,1.0,0.6124142148793171,0.8851152218988716,0.7340989106664357,0.6,10.8
1.0,1.0,1.0,1.0,1.0,0.6,10.8
0.0074219132014318595,0.0236627747567616,0.874516413408715,0.9076026413030143,0.13847416937050785,0.6,10.8
0.0,1.0,1.0,1.0,1.0,0.6,10.8
0.42234798354074615,1.0,1.0,1.0,1.0,0.6,10.8
0.4219654205925302,1.0,1.0,1.0,1.0,0.6,10.8
1.0,1.0,1.0,1.0,1.0,0.6,10.8
0.4408422568371738,0.797644653780378,0.35095901959686815,0.825457807996885,0.3059522089517381,0.6,10.8
1.0,1.0,0.6104574806953926,0.8725682686920933,0.738483188680627,0.6,10.8
0.0,1.0,1.0,1.0,1.0,0.6,10.8
0.44256854592488765,1.0,1.0,1.0,1.0,0.6,10.8
0.0,1.0,1.0,1.0,1.0,0.6,10.8
1.0,1.0,1.0,1.0,1.0,0.6,10.8
1.0,1.0,0.6515633886672902,0.9433077929787429,0.7906668985960218,0.6,10.8
0.0,1.0,1.0,1.0,1.0,0.6,10.8
0.4251585694045133,1.0,1.0,1.0,1.0,0.6,10.8
0.0,1.0,1.0,1.0,1.0,0.6,10.8
1.0,1.0,1.0,1.0,1.0,0.6,10.8
1.0,1.0,0.5305673518248633,0.44878445766344155,0.9998860481370593,0.6,10.8
0.5164326115996946,0.5287539241916652,0.6579543441453074,0.8482752367064517,0.3515226170861228,0.6,10.8
1.0,1.0,0.0,1.0,0.0,0.6,10.8
0.0,1.0,1.0,1.0,1.0,0.6,10.8
1.0,1.0,1.0,1.0,1.0,0.6,10.8
0.4251207542588235,1.0,1.0,1.0,1.0,0.6,10.8
1.0,1.0,0.0,1.0,1.0,0.6,10.8
0.0,1.0,1.0,1.0,1.0,0.6,10.8
1.0,1.0,0.12207365337976765,1.0,1.0,0.6,10.8
1.0,1.0,0.0,1.0,0.0,0.6,10.8
0.4288935886047982,1.0,1.0,1.0,1.0,0.6,10.8
1.0,1.0,1.0,1.0,1.0,0.6,10.8
1.0,5.553761671432404e-05,0.0,0.0,0.0,0.6,10.8
1.0,1.0,0.0,1.0,1.0,0.6,10.8
0.44939076475513784,1.0,1.0,1.0,1.0,0.6,10.8
0.0,1.0,1.0,1.0,1.0,0.6,10.8
1.0,1.0,1.0,1.0,1.0,0.6,10.8
0.44359858637077154,1.0,1.0,1.0,1.0,0.6,10.8
1.0,1.0,1.0,1.0,0.0,0.6,10.8
1.0,1.0,1.0,1.0,1.0,0.6,10.8
1.0,1.0,0.0,1.0,1.0,0.6,10.8
0.0,1.0,1.0,1.0,1.0,0.6,10.8
1.0,1.0,0.0,1.0,1.0,0.6,10.8
0.46421192220701485,1.0,1.0,1.0,1.0,0.6,10.8
1.0,1.0,1.0,1.0,1.0,0.6,10.8
0.0,1.0,1.0,1.0,1.0,0.6,10.8
0.4173104998525867,0.5995615287491899,0.047451633053504666,0.12017624311254257,0.6956423048944411,0.6,10.8
0.48217105137551763,1.0,1.0,1.0,1.0,0.6,10.8
0.0,1.0,1.0,1.0,1.0,0.6,10.8
1.0,1.0,1.0,1.0,1.0,0.6,10.8
1.0,1.0,0.0,1.0,1.0,0.6,10.8
0.0,1.0,1.0,1.0,1.0,0.6,10.8
1.0,1.0,1.0,1.0,1.0,0.6,10.8
0.47435110330727637,1.0,1.0,1.0,1.0,0.6,10.8
0.0,1.0,1.0,1.0,1.0,0.6,10.8
0.56108348765795,0.3102558320529385,0.983758264432224,0.6809485539851943,0.8895420586141353,0.6,10.8
1.0,1.0,0.0,1.0,1.0,0.6,10.8
1.0,1.0,1.0,1.0,1.0,0.6,10.8
0.47455022494568055,1.0,1.0,1.0,1.0,0.6,10.8
1.0,1.0,0.07171040838476159,1.0,1.0,0.6,10.8
1.0,0.0,0.5807272434039265,1.0,1.0,0.6,10.8
0.0,1.0,1.0,1.0,1.0,0.6,10.8
1.0,1.0,1.0,1.0,1.0,0.6,10.8
0.2716601548727613,0.596419825104505,0.06462144863364126,0.08479663844086226,0.54252868655666,0.6,10.8
0.0,1.0,1.0,1.0,1.0,0.6,10.8
0.3862858415346145,0.3513207655347671,1.0,0.2283044787309469,0.40945719158673943,0.6,10.8
0.46241202514669266,1.0,1.0,1.0,1.0,0.6,10.8
1.0,1.0,0.36973756248782597,1.0,1.0,0.6,10.8
0.4607639207782372,1.0,1.0,1.0,1.0,0.6,10.8
1.0,1.0,1.0,1.0,1.0,0.6,10.8
1.0,0.0,0.4328608773901382,1.0,1.0,0.6,10.8
0.0,1.0,1.0,1.0,1.0,0.6,10.8
1.0,1.0,0.0,1.0,1.0,0.6,10.8
0.0,1.0,1.0,1.0,1.0,0.6,10.8
0.48910052902652834,0.26250983154001534,0.6010503717950423,0.9182447467614518,0.611504470303295,0.6,10.8
0.4572186083076727,1.0,1.0,1.0,1.0,0.6,10.8
1.0,1.0,1.0,1.0,1.0,0.6,10.8
0.1194071178106107,0.7756807263632568,0.5495760399448696,0.4648710585752854,0.08835905402134021,0.6,10.8
1.0,1.0,0.0,1.0,1.0,0.6,10.8
0.4576163664088541,1.0,1.0,1.0,1.0,0.6,10.8
1.0,1.0,1.0,1.0,1.0,0.6,10.8
0.0,1.0,1.0,1.0,1.0,0.6,10.8
0.0,1.0,1.0,1.0,1.0,0.6,10.8
0.37752189348539644,1.0,1.0,1.0,1.0,0.6,10.8
1.0,0.5684385339196596,0.32838745846183454,1.0,1.0,0.6,10.8
1.0,1.0,1.0,1.0,1.0,0.6,10.8
0.27124189977092195,0.3464741731204492,0.02249229648317009,0.27567089984511034,0.5581937814703652,0.6,10.8
0.0,1.0,1.0,1.0,1.0,0.6,10.8
1.0,1.0,0.12231609245732496,1.0,1.0,0.6,10.8
0.7899148664634118,0.25850417728629743,1.0,0.1463767357713371,0.5102082041876368,0.6,10.8
0.3773945150886147,1.0,1.0,1.0,1.0,0.6,10.8
1.0,1.0,1.0,1.0,1.0,0.6,10.8
0.0,1.0,1.0,1.0,1.0,0.6,10.8
1.0,1.0,1.0,1.0,1.0,0.6,10.8
0.23742303571018997,1.0,1.0,1.0,1.0,0.6,10.8
1.0,1.0,0.5129215247429993,1.0,0.7374650723450548,0.6,10.8
0.5463893072405422,1.0,1.0,1.0,1.0,0.6,10.8
0.37400313941764496,1.0,1.0,1.0,1.0,0.6,10.8
0.3303910057400403,0.6158017617983084,0.38438178607885043,0.483683399756398,0.4755655355909886,0.6,10.8
0.0,1.0,1.0,1.0,1.0,0.6,10.8
1.0,1.0,0.5143579391668308,1.0,0.7376093080574,0.6,10.8
1.0,1.0,1.0,1.0,1.0,0.6,10.8
1.0,1.0,1.0,1.0,1.0,0.6,10.8
0.36892551742315094,1.0,1.0,1.0,1.0,0.6,10.8
1.0,1.0,0.304255687939465,1.0,1.0,0.6,10.8
0.0,1.0,1.0,1.0,1.0,0.6,10.8
0.09458347366123665,0.4969182612319186,0.44587796255139917,0.012215403890292818,0.2259064221546577,0.6,10.8
0.3689189890021044,1.0,1.0,1.0,1.0,0.6,10.8
0.16208455806172434,0.48431834526375,0.11338196330928861,0.9352878221934261,0.9999391366784153,0.6,10.8
1.0,1.0,1.0,1.0,1.0,0.6,10.8
1.0,1.0,0.2787420389118223,1.0,1.0,0.6,10.8
0.0,1.0,1.0,1.0,1.0,0.6,10.8
1.0,1.0,0.5108112948033593,1.0,0.7563935154797313,0.6,10.8
1.0,1.0,1.0,1.0,1.0,0.6,10.8
0.369970046377475,1.0,1.0,1.0,1.0,0.6,10.8
0.05415674781313293,0.22506754326653655,0.11371170658983731,0.10702654086047436,0.43880096992057277,0.6,10.8
0.0,1.0,1.0,1.0,1.0,0.6,10.8
1.0,1.0,0.6108939285574815,1.0,1.0,0.6,10.8
1.0,1.0,0.4486838865262963,1.0,0.6033211193197227,0.6,10.8
0.3699357349926837,1.0,1.0,1.0,1.0,0.6,10.8
1.0,1.0,1.0,1.0,1.0,0.6,10.8
0.0,1.0,1.0,1.0,1.0,0.6,10.8
1.0,1.0,0.489392542147715,1.0,0.8435808084007677,0.6,10.8
1.0,1.0,1.0,1.0,1.0,0.6,10.8
0.01132061331171762,0.3589375500100528,0.8877636562982261,0.24395794354207817,0.08869100089591546,0.6,10.8
0.0,1.0,1.0,1.0,1.0,0.6,10.8
0.3674340003437719,1.0,1.0,1.0,1.0,0.6,10.8
0.14885334603152683,0.5202541985087903,0.7354434654763515,0.6617077383103375,0.18908913046856413,0.6,10.8
0.3684669989551643,1.0,1.0,1.0,1.0,0.6,10.8
1.0,1.0,0.49163882330506276,1.0,0.8301142214448135,0.6,10.8
1.0,1.0,1.0,1.0,1.0,0.6,10.8
0.0,1.0,1.0,1.0,1.0,0.6,10.8
0.36627991577738894,1.0,1.0,1.0,1.0,0.6,10.8
1.0,1.0,1.0,1.0,1.0,0.6,10.8
1.0,1.0,0.0,1.0,1.0,0.6,10.8
0.6999731329519912,0.9688251338526382,0.3504018332614803,0.8189211751853184,0.10943178547453766,0.6,10.8
0.0,1.0,1.0,1.0,1.0,0.6,10.8
0.026973075796607605,0.7882197252278378,0.45652551860589413,0.5715291252962634,0.9123647719660432,0.6,10.8
1.0,1.0,0.0,1.0,1.0,0.6,10.8
0.36621137891694583,1.0,1.0,1.0,1.0,0.6,10.8
1.0,1.0,1.0,1.0,1.0,0.6,10.8
0.0,1.0,1.0,1.0,1.0,0.6,10.8
1.0,1.0,1.0,1.0,1.0,0.6,10.8
1.0,1.0,0.0,1.0,1.0,0.6,10.8
0.3441963009123889,0.8132503131760024,0.10911577184354056,0.7692143243475829,0.8886291723591717,0.6,10.8
0.0,1.0,1.0,1.0,1.0,0.6,10.8
0.4282710692402592,1.0,1.0,1.0,1.0,0.6,10.8
1.0,1.0,1.0,1.0,1.0,0.6,10.8
1.0,0.0,0.0,1.0,1.0,0.6,10.8
0.24191389553572182,1.0,1.0,1.0,1.0,0.6,10.8
0.5991102744151573,1.0,1.0,1.0,1.0,0.6,10.8
0.0,1.0,1.0,1.0,1.0,0.6,10.8
0.24371148865235967,1.0,1.0,1.0,1.0,0.6,10.8
0.0,1.0,1.0,1.0,1.0,0.6,10.8
0.6221193645866501,1.0,1.0,1.0,1.0,0.6,10.8
1.0,1.0,1.0,1.0,1.0,0.6,10.8
1.0,1.0,0.4054393288653314,1.0,1.0,0.6,10.8
0.4553780611347852,1.0,1.0,1.0,1.0,0.6,10.8
1.0,1.0,1.0,1.0,1.0,0.6,10.8
1.0,1.0,0.5961763309042607,1.0,1.0,0.6,10.8
0.0,1.0,1.0,1.0,1.0,0.6,10.8
1.0,1.0,0.038341298928914046,1.0,1.0,0.6,10.8
1.0,1.0,0.15207987585696867,0.34077687292602427,1.0,0.6,10.8
1.0,1.0,0.43363148794482576,1.0,1.0,0.6,10.8
0.0,1.0,1.0,1.0,1.0,0.6,10.8
0.4643270746481405,1.0,1.0,1.0,1.0,0.6,10.8
1.0,1.0,1.0,1.0,1.0,0.6,10.8
0.31279085846226723,0.07095042195065851,0.5617611639159197,0.432538405929183,0.5461998317278477,0.6,10.8
1.0,1.0,1.0,1.0,1.0,0.6,10.8
1.0,1.0,0.3221713204498087,1.0,1.0,0.6,10.8
0.4643401354345144,1.0,1.0,1.0,1.0,0.6,10.8
0.0,1.0,1.0,1.0,1.0,0.6,10.8
1.0,1.0,1.0,1.0,1.0,0.6,10.8
0.24694114082895086,1.0,1.0,1.0,1.0,0.6,10.8
0.6310639412079178,1.0,1.0,1.0,1.0,0.6,10.8
0.3641208659299676,0.7215709450458394,0.17889570154737955,0.1476301712390424,0.23101721391318217,0.6,10.8
0.0,1.0,1.0,1.0,1.0,0.6,10.8
1.0,1.0,0.2673663261539713,1.0,1.0,0.6,10.8
0.46157947175701347,1.0,1.0,1.0,1.0,0.6,10.8
1.0,1.0,1.0,1.0,1.0,0.6,10.8
0.09569085816489703,0.6651274696424838,0.2128827748333531,0.03948465444225464,0.4350779690522089,0.6,10.8
0.0,1.0,1.0,1.0,1.0,0.6,10.8
0.754474102166768,0.365402876409402,0.7644439879572,0.3753148841566506,0.4740317307196655,0.6,10.8
1.0,1.0,1.0,1.0,1.0,0.6,10.8
0.6294143086271972,1.0,1.0,1.0,1.0,0.6,10.8
0.24472524315644711,1.0,1.0,1.0,1.0,0.6,10.8
0.0,1.0,1.0,1.0,1.0,0.6,10.8
0.6275916365872002,1.0,1.0,1.0,1.0,0.6,10.8
0.2442216963745609,1.0,1.0,1.0,1.0,0.6,10.8
1.0,1.0,0.13892735431069952,1.0,1.0,0.6,10.8
1.0,1.0,1.0,1.0,1.0,0.6,10.8
0.0,1.0,1.0,1.0,1.0,0.6,10.8
1.0,0.43012633661595534,0.1705545713311846,0.0,1.0,0.6,10.8
1.0,1.0,0.5520598341319178,1.0,1.0,0.6,10.8
0.0,1.0,1.0,1.0,1.0,0.6,10.8
0.47341805012003635,1.0,1.0,1.0,1.0,0.6,10.8
1.0,1.0,1.0,1.0,1.0,0.6,10.8
1.0,1.0,1.0,1.0,1.0,0.6,10.8
0.473067524720048,1.0,1.0,1.0,1.0,0.6,10.8
1.0,1.0,0.5180571287761925,1.0,1.0,0.6,10.8
0.4033274578090081,0.1903063696133776,0.5388088965425614,0.42334032725556253,0.33396465034486483,0.6,10.8
0.0,1.0,1.0,1.0,1.0,0.6,10.8
0.4767356202493299,1.0,1.0,1.0,1.0,0.6,10.8
1.0,1.0,0.0,1.0,1.0,0.6,10.8
0.3915173709612294,0.19332783370631523,0.48020616533416194,0.23647550739515394,0.6243003970582001,0.6,10.8
0.0,1.0,1.0,1.0,1.0,0.6,10.8
1.0,1.0,1.0,1.0,1.0,0.6,10.8
0.0,1.0,0.6599334852376493,0.2339702319889591,0.2977259819249923,0.6,10.8
0.0,1.0,1.0,1.0,1.0,0.6,10.8
1.0,1.0,1.0,1.0,1.0,0.6,10.8
1.0,1.0,1.0,1.0,1.0,0.6,10.8
0.0,1.0,1.0,1.0,1.0,0.6,10.8
1.0,1.0,1.0,1.0,1.0,0.6,10.8
0.4588151416992337,1.0,1.0,1.0,1.0,0.6,10.8
0.3381630638998381,0.365927459373968,0.6629583363086258,0.39329738558954985,0.7105412876788082,0.6,10.8
0.0,1.0,1.0,1.0,1.0,0.6,10.8
1.0,1.0,0.5447217386049763,1.0,1.0,0.6,10.8
0.24214758120287636,1.0,1.0,1.0,1.0,0.6,10.8
1.0,1.0,0.5442992881896266,1.0,1.0,0.6,10.8
0.0,1.0,1.0,1.0,1.0,0.6,10.8
1.0,1.0,1.0,1.0,1.0,0.6,10.8
0.6182061856754067,1.0,1.0,1.0,1.0,0.6,10.8
0.0,1.0,1.0,1.0,1.0,0.6,10.8
1.0,1.0,1.0,1.0,1.0,0.6,10.8
1.0,1.0,0.0,1.0,0.0,0.6,10.8
0.41653945582911445,1.0,1.0,1.0,1.0,0.6,10.8
1.0,1.0,0.0399731868978662,1.0,1.0,0.6,10.8
0.0,1.0,1.0,1.0,1.0,0.6,10.8
1.0,1.0,0.3537681944315843,1.0,1.0,0.6,10.8
1.0,1.0,0.0,1.0,0.0,0.6,10.8
0.0,1.0,1.0,1.0,0.0,0.6,10.8
1.0,1.0,1.0,1.0,1.0,0.6,10.8
1.0,1.0,1.0,1.0,1.0,0.6,10.8
0.0,1.0,1.0,1.0,1.0,0.6,10.8
0.24759291849460147,0.8164044416396377,1.0,3.513966282391446e-06,1.0,0.6,10.8
0.39429325584951186,1.0,1.0,1.0,1.0,0.6,10.8
1.0,1.0,0.0,1.0,1.0,0.6,10.8
1.0,1.0,1.0,1.0,1.0,0.6,10.8
0.0,1.0,1.0,1.0,1.0,0.6,10.8
1.0,1.0,0.0,0.02583063067111032,1.0,0.6,10.8
0.39437183298240297,1.0,1.0,1.0,1.0,0.6,10.8
1.0,1.0,0.0,1.0,1.0,0.6,10.8
1.0,1.0,0.0,1.0,1.0,0.6,10.8
0.39937673425911874,1.0,1.0,1.0,1.0,0.6,10.8
1.0,1.0,1.0,1.0,1.0,0.6,10.8
0.0,1.0,1.0,1.0,1.0,0.6,10.8
0.19262757190564378,0.43902391988007333,0.19990246078419285,0.13509181486603591,0.027130931486917403,0.6,10.8
0.3984669290558602,1.0,1.0,1.0,1.0,0.6,10.8
0.5344309646572011,0.9170761008644764,0.1789749694181858,0.22278789863983242,0.22370048853562674,0.6,10.8
1.0,1.0,1.0,1.0,1.0,0.6,10.8
1.0,1.0,0.0,1.0,1.0,0.6,10.8
0.0,1.0,1.0,1.0,1.0,0.6,10.8
1.0,1.0,0.0,1.0,1.0,0.6,10.8
0.423711347590369,1.0,1.0,1.0,1.0,0.6,10.8
1.0,1.0,1.0,1.0,1.0,0.6,10.8
1.0,0.29546901245915796,0.0,1.0,1.0,0.6,10.8
0.0,1.0,1.0,1.0,1.0,0.6,10.8
0.0,1.0,1.0,1.0,1.0,0.6,10.8
1.0,1.0,0.0,1.0,1.0,0.6,10.8
0.42258575356295036,1.0,1.0,1.0,1.0,0.6,10.8
0.10667763886822837,0.32019220315709207,0.5771707532102143,0.14490985594569697,0.09824358462853545,0.6,10.8
1.0,1.0,1.0,1.0,1.0,0.6,10.8
1.0,1.0,0.0,1.0,1.0,0.6,10.8
0.0,1.0,1.0,1.0,1.0,0.6,10.8
1.0,1.0,1.0,1.0,1.0,0.6,10.8
0.2943349798494494,0.24784984266938118,0.016426539906241155,0.9543751202906955,0.013655535919271551,0.6,10.8
0.46205463234985444,1.0,1.0,1.0,1.0,0.6,10.8
0.4618243372736458,1.0,1.0,1.0,1.0,0.6,10.8
1.0,1.0,1.0,1.0,1.0,0.6,10.8
1.0,1.0,0.0,1.0,1.0,0.6,10.8
0.0,1.0,1.0,1.0,1.0,0.6,10.8
0.0599462844359415,0.8808128038579773,0.14241548673349982,0.42344953101756666,0.19421352527675056,0.6,10.8
0.0,1.0,1.0,1.0,1.0,0.6,10.8
0.5106756662815162,1.0,1.0,1.0,1.0,0.6,10.8
1.0,1.0,0.0,1.0,1.0,0.6,10.8
1.0,1.0,0.009764442866947382,1.0,1.0,0.6,10.8
1.0,1.0,1.0,1.0,1.0,0.6,10.8
1.0,1.0,0.0,1.0,1.0,0.6,10.8
1.0,1.0,1.0,1.0,1.0,0.6,10.8
0.6117063990370369,0.9585074527976059,0.07649302933738712,0.5550749679697367,0.5870573491660396,0.6,10.8
0.5109465867392092,1.0,1.0,1.0,1.0,0.6,10.8
0.0,1.0,1.0,1.0,1.0,0.6,10.8
0.045890565833309686,0.4464413521836931,0.5760440263723913,0.10272538216408711,0.6247960946705386,0.6,10.8
0.37276700712407257,1.0,1.0,1.0,1.0,0.6,10.8
1.0,1.0,1.0,1.0,1.0,0.6,10.8
1.0,1.0,0.0,1.0,1.0,0.6,10.8
0.0,1.0,1.0,1.0,1.0,0.6,10.8
0.49981173176150234,0.1679866727775954,0.6222695009686613,0.2405329888011521,0.29836581041401655,0.6,10.8
1.0,1.0,0.0,1.0,1.0,0.6,10.8
1.0,1.0,1.0,1.0,1.0,0.6,10.8
0.37276334744207557,1.0,1.0,1.0,1.0,0.6,10.8
0.0,1.0,1.0,1.0,1.0,0.6,10.8
1.0,0.10276952490715487,0.200235473752951,1.0,1.0,0.6,10.8
0.0,1.0,1.0,1.0,1.0,0.6,10.8
1.0,1.0,0.21499609540307005,1.0,1.0,0.6,10.8
0.368906399586682,1.0,1.0,1.0,1.0,0.6,10.8
1.0,1.0,1.0,1.0,1.0,0.6,10.8
0.6594134163046891,0.4825590239951762,0.5694895632299598,0.1552243154929344,0.5038258341656534,0.6,10.8
0.3699351119986236,1.0,1.0,1.0,1.0,0.6,10.8
1.0,1.0,0.05581583618873979,1.0,1.0,0.6,10.8
1.0,1.0,1.0,1.0,1.0,0.6,10.8
0.0,1.0,1.0,1.0,1.0,0.6,10.8
0.6753334495087856,0.4574361091116546,0.1339128823008103,0.2606585240643937,0.9766097874789162,0.6,10.8
1.0,0.9035403966090555,0.0,1.0,1.0,0.6,10.8
0.36850555295695236,1.0,1.0,1.0,1.0,0.6,10.8
0.0,1.0,1.0,1.0,1.0,0.6,10.8
1.0,1.0,1.0,1.0,1.0,0.6,10.8
0.6085838429519139,0.5799126094984131,0.10569573500373469,0.9674537905930727,0.5172915921072438,0.6,10.8
0.0,1.0,1.0,1.0,1.0,0.6,10.8
1.0,1.0,1.0,1.0,1.0,0.6,10.8
1.0,0.6470178568589867,0.07467610482142167,1.0,1.0,0.6,10.8
0.3678550223847666,1.0,1.0,1.0,1.0,0.6,10.8
1.0,1.0,1.0,1.0,1.0,0.6,10.8
0.5402204387869258,1.0,1.0,1.0,1.0,0.6,10.8
0.23235318991722373,1.0,1.0,1.0,1.0,0.6,10.8
1.0,0.4229669525161419,0.03998654620905765,1.0,1.0,0.6,10.8
0.0,1.0,1.0,1.0,1.0,0.6,10.8
1.0,1.0,1.0,1.0,1.0,0.6,10.8
1.0,0.3527271288386198,0.15348919798874613,1.0,1.0,0.6,10.8
0.0,1.0,1.0,1.0,1.0,0.6,10.8
0.3661011459404019,1.0,1.0,1.0,1.0,0.6,10.8
0.08082803822039306,0.09218557649504087,0.4717179288778266,0.37922397828100335,0.5752228075283737,0.6,10.8
0.4714414668750855,1.0,1.0,1.0,1.0,0.6,10.8
0.0,1.0,1.0,1.0,1.0,0.6,10.8
0.09810330257870983,0.4092992720476948,0.8934961057967196,0.44679102928500974,0.06529219129384181,0.6,10.8
1.0,1.0,0.0,1.0,1.0,0.6,10.8
1.0,1.0,1.0,1.0,1.0,0.6,10.8
0.47248273466054425,1.0,1.0,1.0,1.0,0.6,10.8
1.0,1.0,1.0,1.0,1.0,0.6,10.8
0.0,1.0,1.0,1.0,1.0,0.6,10.8
1.0,1.0,0.0,1.0,1.0,0.6,10.8
0.5874224445732634,0.9277071891757009,0.39106497860333317,0.2951973112379979,0.9239374853849075,0.6,10.8
0.6660589870862398,0.07617059981532374,0.514306120675589,0.20986594417081061,0.7604749953785732,0.6,10.8
1.0,1.0,1.0,1.0,1.0,0.6,10.8
1.0,1.0,0.0,1.0,1.0,0.6,10.8
0.0,1.0,1.0,1.0,1.0,0.6,10.8
0.4687917673292672,1.0,1.0,1.0,1.0,0.6,10.8
0.06721530348520129,0.08881895275606379,0.6546974718854112,0.996694281784112,0.47691853118401506,0.6,10.8
0.46848544529748665,1.0,1.0,1.0,1.0,0.6,10.8
1.0,1.0,1.0,1.0,1.0,0.6,10.8
1.0,1.0,0.0,1.0,1.0,0.6,10.8
0.0,1.0,1.0,1.0,1.0,0.6,10.8
0.0,1.0,1.0,1.0,1.0,0.6,10.8
1.0,1.0,1.0,1.0,1.0,0.6,10.8
0.5131541290287465,0.9232601000098763,0.015265709319718565,0.6526331804632023,0.32576326927676036,0.6,10.8
0.648071336548876,0.8745173513497915,0.11871936035377688,0.6014989533049143,0.1314415241395506,0.6,10.8
0.36712958196316275,1.0,1.0,1.0,1.0,0.6,10.8
1.0,0.9332163501917144,0.35253756831582095,1.0,1.0,0.6,10.8
0.4434105948224666,0.5462251176482126,0.045635955988515026,0.9217750332502046,0.18939762358670892,0.6,10.8
1.0,1.0,1.0,1.0,1.0,0.6,10.8
0.36645119534437254,1.0,1.0,1.0,1.0,0.6,10.8
0.0,1.0,1.0,1.0,1.0,0.6,10.8
0.46693395496972,1.0,1.0,1.0,1.0,0.6,10.8
0.0,1.0,1.0,1.0,1.0,0.6,10.8
0.4024568095466603,0.1978899382779259,0.536916831169082,0.17631221046783616,0.3435901153081947,0.6,10.8
1.0,1.0,1.0,1.0,1.0,0.6,10.8
1.0,1.0,0.07873375842924714,1.0,1.0,0.6,10.8
0.0,1.0,1.0,1.0,1.0,0.6,10.8
1.0,1.0,0.0722658274154164,1.0,1.0,0.6,10.8
0.4669607218222837,1.0,1.0,1.0,1.0,0.6,10.8
1.0,1.0,1.0,1.0,1.0,0.6,10.8
0.37871644284267747,0.26590607826469037,0.6362164153649357,0.2609137006784629,0.050263827163045706,0.6,10.8
0.47085577577734766,1.0,1.0,1.0,1.0,0.6,10.8
1.0,0.5300406331538293,0.17374765133916084,1.0,1.0,0.6,10.8
1.0,1.0,0.44463261132023196,1.0,1.0,0.6,10.8
0.0,1.0,1.0,1.0,1.0,0.6,10.8
1.0,1.0,1.0,1.0,1.0,0.6,10.8
0.48885229118806284,0.5619402927600969,0.037516994535452396,0.06392892339198006,0.04891102636261107,0.6,10.8
0.4704077409526255,1.0,1.0,1.0,1.0,0.6,10.8
1.0,1.0,1.0,1.0,1.0,0.6,10.8
1.0,0.8935424392415775,0.28828952760742516,1.0,1.0,0.6,10.8
0.0,1.0,1.0,1.0,1.0,0.6,10.8
1.0,1.0,0.0,1.0,1.0,0.6,10.8
0.36720269586684123,1.0,1.0,1.0,1.0,0.6,10.8
1.0,1.0,1.0,1.0,1.0,0.6,10.8
0.6452135371966065,0.8791204224640661,0.7661363153486411,0.09803263705206172,0.1351995705398612,0.6,10.8
0.0,1.0,1.0,1.0,1.0,0.6,10.8
1.0,1.0,1.0,1.0,1.0,0.6,10.8
0.0,1.0,1.0,1.0,1.0,0.6,10.8
0.3524322924268174,0.0,0.7921381126326976,0.7278491249861743,0.02942584482553189,0.6,10.8
0.36713211191148,1.0,1.0,1.0,1.0,0.6,10.8
1.0,1.0,0.0,1.0,1.0,0.6,10.8
1.0,1.0,0.4840362338732635,1.0,1.0,0.6,10.8
0.484720833542607,1.0,1.0,1.0,1.0,0.6,10.8
1.0,1.0,1.0,1.0,1.0,0.6,10.8
0.0,1.0,1.0,1.0,1.0,0.6,10.8
1.0,1.0,0.0,1.0,1.0,0.6,10.8
1.0,1.0,0.0,1.0,1.0,0.6,10.8
0.2769566930517478,0.42055576243154646,0.5260381213515336,0.9431742349929192,0.23933908498642995,0.6,10.8
1.0,1.0,1.0,1.0,1.0,0.6,10.8
0.0,1.0,1.0,1.0,1.0,0.6,10.8
0.48533980842175783,1.0,1.0,1.0,1.0,0.6,10.8
1.0,1.0,1.0,1.0,1.0,0.6,10.8
1.0,0.7684406286035441,0.21597834307347744,1.0,0.8717244703092962,0.6,10.8
0.0,1.0,1.0,1.0,1.0,0.6,10.8
1.0,1.0,0.4965408300958897,1.0,1.0,0.6,10.8
0.47771852881586807,1.0,1.0,1.0,1.0,0.6,10.8
0.7545777447064526,0.03989686526752237,0.7454375050435761,0.1041154792497745,0.40630676514189734,0.6,10.8
0.47831571358089237,1.0,1.0,1.0,1.0,0.6,10.8
0.0,1.0,1.0,1.0,1.0,0.6,10.8
1.0,1.0,1.0,1.0,1.0,0.6,10.8
1.0,1.0,0.41219674526595973,1.0,0.9530009005230429,0.6,10.8
0.34763139241868246,0.1755165283523838,0.6185908283086862,0.046000499864048555,0.3231023441999053,0.6,10.8
0.47470504176811523,1.0,1.0,1.0,1.0,0.6,10.8
1.0,1.0,1.0,1.0,1.0,0.6,10.8
1.0,0.9053083511928379,0.26575780944426075,1.0,1.0,0.6,10.8
0.0,1.0,1.0,1.0,1.0,0.6,10.8
0.4744885197122527,1.0,1.0,1.0,1.0,0.6,10.8
1.0,1.0,1.0,1.0,1.0,0.6,10.8
0.0,1.0,1.0,1.0,1.0,0.6,10.8
1.0,0.6479139238079545,0.12883062213649626,1.0,1.0,0.6,10.8
1.0,1.0,0.471145433715173,1.0,1.0,0.6,10.8
0.47623234858837576,1.0,1.0,1.0,1.0,0.6,10.8
0.39793367614390696,0.25590658074024497,0.6498469685431609,0.5236124406193018,0.44257176942164417,0.6,10.8
1.0,1.0,0.4816819416080049,1.0,0.792287032148512,0.6,10.8
0.0,1.0,1.0,1.0,1.0,0.6,10.8
1.0,1.0,1.0,1.0,1.0,0.6,10.8
0.6718960376875907,0.1216699059796104,0.5742052468469051,0.7975035639216839,0.10061691567392177,0.6,10.8
0.0,1.0,1.0,1.0,1.0,0.6,10.8
1.0,1.0,0.4830827407443155,1.0,0.7904443802973662,0.6,10.8
1.0,1.0,1.0,1.0,1.0,0.6,10.8
0.4763670434383803,1.0,1.0,1.0,1.0,0.6,10.8
0.0,1.0,1.0,1.0,0.0,0.6,10.8
1.0,1.0,1.0,1.0,1.0,0.6,10.8
1.0,1.0,0.6838865805731561,1.0,0.0,0.6,10.8
0.0,1.0,1.0,1.0,1.0,0.6,10.8
1.0,1.0,0.0,1.0,1.0,0.6,10.8
0.0,1.0,1.0,1.0,0.0,0.6,10.8
1.0,1.0,0.23757954654436952,1.0,1.0,0.6,10.8
1.0,1.0,0.0,1.0,0.0,0.6,10.8
1.0,1.0,1.0,1.0,1.0,0.6,10.8
0.0,1.0,1.0,1.0,1.0,0.6,10.8
1.0,1.0,0.0,1.0,1.0,0.6,10.8
0.0,1.0,1.0,1.0,1.0,0.6,10.8
0.4252447184988066,1.0,1.0,1.0,1.0,0.6,10.8
0.531169350037066,0.08241221728917601,0.27993557320601425,0.014557206697962366,0.6373784738925206,0.6,10.8
1.0,1.0,1.0,1.0,1.0,0.6,10.8
1.0,1.0,0.0,1.0,1.0,0.6,10.8
1.0,1.0,0.0,1.0,0.0,0.6,10.8
0.4268570797617579,1.0,1.0,1.0,1.0,0.6,10.8
0.0,1.0,1.0,1.0,1.0,0.6,10.8
1.0,1.0,1.0,1.0,1.0,0.6,10.8
0.0,1.0,1.0,1.0,1.0,0.6,10.8
1.0,0.9999999773824323,1.0,0.9999999712379816,0.999999992362515,0.6,10.8
0.3268637558218035,0.4782307353683436,0.48632934768005104,0.39624053449544855,0.09977202967957138,0.6,10.8
0.9999997184953147,1.0,1.0,1.0,1.0,0.6,10.8
0.38809727253125526,1.0,1.0,1.0,1.0,0.6,10.8
0.5883763958635471,1.0,1.0,1.0,1.0,0.6,10.8
1.0,0.9999999225554416,0.9999999440453511,1.0,1.0,0.6,10.8
0.9999998997534181,1.0,1.0,1.0,0.9999999385059827,0.6,10.8
0.6353633916870703,0.5833800385652779,0.021260190378898636,0.7432518318607937,0.549782894968202,0.6,10.8
0.0,1.0,1.0,1.0,1.0,0.6,10.8
1.0,1.0,1.0,1.0,0.3442955418963953,0.6,10.8
1.0,1.0,1.0,1.0,1.0,0.6,10.8
0.5795790144143509,0.7331580597317187,0.5674810593144053,0.40280643073941635,0.2645775738315795,0.6,10.8
0.3839255554505523,1.0,1.0,1.0,1.0,0.6,10.8
0.0,1.0,1.0,1.0,1.0,0.6,10.8
1.0,1.0,0.999999888675978,0.999999888675978,1.0,0.6,10.8
0.999999888675978,0.999999888675978,1.0,0.9999996423514906,0.999999888675978,0.6,10.8
0.30961334637735827,1.0,1.0,1.0,1.0,0.6,10.8
0.6881404385028301,1.0,1.0,1.0,1.0,0.6,10.8
0.0,1.0,1.0,1.0,1.0,0.6,10.8
0.0,1.0,1.0,1.0,1.0,0.6,10.8
1.0,1.0,1.0,0.0,1.0,0.6,10.8
1.0,1.0,0.07411694964494028,1.0,1.0,0.6,10.8
1.0,1.0,1.0,1.0,1.0,0.6,10.8
0.3832288081762147,1.0,1.0,1.0,1.0,0.6,10.8
1.0,1.0,1.0,0.0,0.927409130856578,0.6,10.8
1.0,1.0,0.12079210341712325,1.0,1.0,0.6,10.8
1.0,1.0,1.0,1.0,1.0,0.6,10.8
0.38305827903959966,1.0,1.0,1.0,1.0,0.6,10.8
0.0,1.0,1.0,1.0,1.0,0.6,10.8
1.0,1.0,1.0,1.0,1.0,0.6,10.8
0.706762868454051,0.041285302840741625,0.06735710975264493,0.7660068092998794,0.6638436313501939,0.6,10.8
0.3691816530308607,1.0,1.0,1.0,1.0,0.6,10.8
1.0,1.0,0.20500649574468224,1.0,1.0,0.6,10.8
0.0,1.0,1.0,1.0,1.0,0.6,10.8
1.0,1.0,0.20706065731265055,1.0,1.0,0.6,10.8
0.0,1.0,1.0,1.0,1.0,0.6,10.8
0.6978909130617741,0.031808968580308364,0.6269317869923766,0.9253594589545786,0.01431842919766081,0.6,10.8
0.3688181966303356,1.0,1.0,1.0,1.0,0.6,10.8
1.0,1.0,1.0,1.0,1.0,0.6,10.8
0.36437016596158595,1.0,1.0,1.0,1.0,0.6,10.8
1.0,1.0,0.0,1.0,1.0,0.6,10.8
0.47415012682351676,0.394523256495645,0.5989061836817854,0.9039840402943181,0.157442636036232,0.6,10.8
0.0,1.0,1.0,1.0,1.0,0.6,10.8
1.0,1.0,1.0,1.0,1.0,0.6,10.8
1.0,1.0,1.0,1.0,1.0,0.6,10.8
0.0,1.0,1.0,1.0,1.0,0.6,10.8
1.0,1.0,0.0,1.0,1.0,0.6,10.8
0.2006522752559768,0.8694746164279701,0.23391552195287502,0.22807634256644949,0.2553310931752066,0.6,10.8
0.364143262448779,1.0,1.0,1.0,1.0,0.6,10.8
1.0,1.0,1.0,1.0,0.1611392986367286,0.6,10.8
1.0,1.0,1.0,1.0,1.0,0.6,10.8
0.0,1.0,1.0,1.0,1.0,0.6,10.8
0.3542677782047323,1.0,1.0,1.0,1.0,0.6,10.8
1.0,1.0,1.0,1.0,0.0,0.6,10.8
0.0,1.0,1.0,1.0,1.0,0.6,10.8
0.5231741585652124,1.0,1.0,1.0,1.0,0.6,10.8
1.0,1.0,1.0,1.0,0.0,0.6,10.8
1.0,1.0,1.0,1.0,1.0,0.6,10.8
0.22403915579374403,1.0,1.0,1.0,1.0,0.6,10.8
0.6531485138976573,0.8602990230100628,0.5576390959736934,0.2951817248023999,0.30100401745323296,0.6,10.8
0.0,1.0,1.0,1.0,1.0,0.6,10.8
0.35198614871070394,1.0,1.0,1.0,1.0,0.6,10.8
1.0,1.0,1.0,1.0,1.0,0.6,10.8
1.0,1.0,1.0,1.0,1.0,0.6,10.8
0.0,1.0,1.0,1.0,1.0,0.6,10.8
0.36122407882120566,1.0,1.0,1.0,1.0,0.6,10.8
1.0,1.0,0.3863253386661511,1.0,1.0,0.6,10.8
0.1387459114922162,0.4793431343847584,0.5680369218839304,0.609326488742523,0.32753029681788104,0.6,10.8
1.0,1.0,1.0,1.0,1.0,0.6,10.8
1.0,1.0,0.5284620700729739,1.0,0.8551835176185828,0.6,10.8
1.0,1.0,1.0,1.0,1.0,0.6,10.8
0.0107877278477659,0.30434145912893906,0.06409427880093305,0.881129900060391,0.10880166189469967,0.6,10.8
0.0,1.0,1.0,1.0,1.0,0.6,10.8
0.44593918882338635,1.0,1.0,1.0,1.0,0.6,10.8
0.44599784692879835,1.0,1.0,1.0,1.0,0.6,10.8
1.0,1.0,0.5253131020033238,1.0,0.8545913973258463,0.6,10.8
0.5386906952024005,0.08248912048030545,0.9879388044814394,0.5769607113902582,0.3620682811757799,0.6,10.8
0.0,1.0,1.0,1.0,1.0,0.6,10.8
1.0,1.0,1.0,1.0,1.0,0.6,10.8
1.0,1.0,1.0,1.0,1.0,0.6,10.8
0.3518735390244463,1.0,1.0,1.0,1.0,0.6,10.8
0.0,1.0,1.0,1.0,1.0,0.6,10.8
1.0,1.0,0.9999841397907232,1.0,1.0,0.6,10.8
1.0,1.0,0.15369266317574684,1.0,0.8862798788727212,0.6,10.8
1.0,1.0,0.9982814787252605,1.0,0.7810862730604682,0.6,10.8
1.0,0.9999999999975939,0.9999999271375781,0.9999999999989443,1.0,0.6,10.8
0.0,1.0,1.0,1.0,1.0,0.6,10.8
0.9999999999876222,1.0,1.0,1.0,0.9999999999999972,0.6,10.8
0.3577252740651335,1.0,1.0,1.0,1.0,0.6,10.8
1.0,1.0,0.23755062548910988,1.0,1.0,0.6,10.8
1.0,1.0,1.0,1.0,1.0,0.6,10.8
0.22840138941743587,0.07538497357331254,0.15412089951544572,0.5497495731606956,0.07331841833334574,0.6,10.8
0.3575876079724312,1.0,1.0,1.0,1.0,0.6,10.8
0.0,1.0,1.0,1.0,1.0,0.6,10.8
0.5188208234431515,0.9411843301803815,0.9928165465340211,0.2788888960081481,0.17726737388076752,0.6,10.8
1.0,1.0,0.23289152449891945,1.0,1.0,0.6,10.8
0.35786828925465036,1.0,1.0,1.0,1.0,0.6,10.8
0.0,1.0,1.0,1.0,1.0,0.6,10.8
1.0,1.0,1.0,1.0,1.0,0.6,10.8
1.0,1.0,0.48547178126953827,1.0,0.5521600874804543,0.6,10.8
0.25451078740880595,0.45456885767160454,0.2623612607287035,0.5890508810529075,0.5843387497297885,0.6,10.8
1.0,1.0,1.0,1.0,1.0,0.6,10.8
0.0,1.0,1.0,1.0,1.0,0.6,10.8
0.35521979872192183,1.0,1.0,1.0,1.0,0.6,10.8
0.0,1.0,1.0,1.0,1.0,0.6,10.8
1.0,1.0,1.0,1.0,1.0,0.6,10.8
0.3551718321516624,1.0,1.0,1.0,1.0,0.6,10.8
1.0,1.0,0.4861551114903141,1.0,0.5529524954248566,0.6,10.8
0.39216427208957083,0.5657679337101309,0.9607274515521892,0.2784523856498959,0.5615527563601643,0.6,10.8
1.0,1.0,0.47772544628940866,1.0,0.5779119209594883,0.6,10.8
0.35330344103269223,1.0,1.0,1.0,1.0,0.6,10.8
0.7015647172105824,0.6736917273318527,0.12577891194536844,0.4760513492647472,0.21037340185311612,0.6,10.8
1.0,1.0,1.0,1.0,1.0,0.6,10.8
0.0,1.0,1.0,1.0,1.0,0.6,10.8
1.0,1.0,1.0,1.0,1.0,0.6,10.8
1.0,1.0,0.6008509509491766,1.0,0.7152915552613233,0.6,10.8
1.0,0.47918954861875274,0.06196923849947401,1.0,0.19496442672852426,0.6,10.8
0.0,1.0,1.0,1.0,1.0,0.6,10.8
0.5194459522334229,0.7632845009897102,0.7197005661064491,0.02944698798778093,0.6166241156719373,0.6,10.8
1.0,1.0,0.24611310552975207,1.0,1.0,0.6,10.8
0.2231917852511431,0.036785570570706715,0.06962785036736133,0.3162525052625857,0.8717946455678255,0.6,10.8
0.0,1.0,1.0,1.0,1.0,0.6,10.8
0.35531368636008326,1.0,1.0,1.0,1.0,0.6,10.8
1.0,1.0,1.0,1.0,1.0,0.6,10.8
1.0,1.0,1.0,1.0,1.0,0.6,10.8
1.0,1.0,0.2452953064277389,1.0,1.0,0.6,10.8
0.3555007002681994,1.0,1.0,1.0,1.0,0.6,10.8
0.0,1.0,1.0,1.0,1.0,0.6,10.8
0.7485803220880152,0.1316658245623321,0.6366917756961746,0.5615366671671872,0.17001235982002058,0.6,10.8
0.0,1.0,1.0,1.0,1.0,0.6,10.8
0.5948286301069644,0.2858860276725932,0.0685216057972473,0.9495705232251577,0.9570507689122655,0.6,10.8
0.35286907064348744,1.0,1.0,1.0,1.0,0.6,10.8
0.15628276294237245,0.5050543319250065,0.6827581783066579,0.5464057678051657,0.5730983852165333,0.6,10.8
1.0,1.0,1.0,1.0,1.0,0.6,10.8
0.417527582254267,0.1616019878643285,0.9132993004249407,0.17713801451243194,0.7214955818447815,0.6,10.8
1.0,1.0,0.45670888558800576,1.0,1.0,0.6,10.8
0.0,1.0,1.0,1.0,1.0,0.6,10.8
0.35276201363262005,1.0,1.0,1.0,1.0,0.6,10.8
1.0,1.0,1.0,1.0,1.0,0.6,10.8
0.0,1.0,1.0,1.0,1.0,0.6,10.8
1.0,0.9999997455394793,1.0,0.9999998902233298,0.9999999752523347,0.6,10.8
0.9999983797367408,1.0,0.9999975002830407,1.0,1.0,0.6,10.8
0.4208739753161203,1.0,1.0,1.0,1.0,0.6,10.8
1.0,1.0,0.0,1.0,1.0,0.6,10.8
0.731274578620569,0.26426529368411694,0.6287467370879353,0.8651764364374652,0.3529357859906342,0.6,10.8
0.4386267348880347,1.0,1.0,1.0,1.0,0.6,10.8
0.0,1.0,1.0,1.0,1.0,0.6,10.8
1.0,1.0,1.0,1.0,1.0,0.6,10.8
0.01220608266592483,0.982802628436036,0.08658814171255609,0.6074627087017745,0.7609010552623816,0.6,10.8
1.0,1.0,1.0,1.0,1.0,0.6,10.8
1.0,1.0,0.2856186121905989,1.0,1.0,0.6,10.8
0.4444469443551544,1.0,1.0,1.0,1.0,0.6,10.8
0.5940011394541108,0.882491014887387,0.12597696761953917,0.5389955623761991,0.27469152788859436,0.6,10.8
0.0,1.0,1.0,1.0,1.0,0.6,10.8
1.0,1.0,0.20997139591180305,1.0,1.0,0.6,10.8
1.0,0.29702874830610915,0.5960450831462355,0.37478393599874976,0.6350306625273446,0.6,10.8
0.0,1.0,1.0,1.0,1.0,0.6,10.8
0.44428885660701045,1.0,1.0,1.0,1.0,0.6,10.8
1.0,1.0,1.0,1.0,1.0,0.6,10.8
1.0,1.0,1.0,1.0,1.0,0.6,10.8
0.7557119513798766,0.6010197941056366,0.07983295279654452,0.6320504405815124,0.37436984988356087,0.6,10.8
1.0,1.0,0.5460507050055605,1.0,0.7476418656078049,0.6,10.8
0.4618350051631269,1.0,1.0,1.0,1.0,0.6,10.8
0.0,1.0,1.0,1.0,1.0,0.6,10.8
0.4618252491905769,1.0,1.0,1.0,1.0,0.6,10.8
1.0,1.0,0.5544903521686115,1.0,0.7410257603357787,0.6,10.8
1.0,1.0,1.0,1.0,1.0,0.6,10.8
0.0,1.0,1.0,1.0,1.0,0.6,10.8
0.7425656261955578,0.17653502036944071,0.3565902843456794,0.5097283628997303,0.3222976968512389,0.6,10.8
1.0,1.0,1.0,1.0,1.0,0.6,10.8
0.0,1.0,1.0,1.0,1.0,0.6,10.8
0.43127297517947927,1.0,1.0,1.0,1.0,0.6,10.8
1.0,1.0,1.0,1.0,1.0,0.6,10.8
1.0,1.0,1.0,1.0,1.0,0.6,10.8
0.45563160020291305,1.0,1.0,1.0,1.0,0.6,10.8
1.0,1.0,0.7175824659324332,1.0,0.9036263607982999,0.6,10.8
0.34502309484467936,0.7176029978473907,0.03252606826647866,0.30302065618326884,0.333715021090739,0.6,10.8
1.0,1.0,1.0,1.0,1.0,0.6,10.8
0.0,1.0,1.0,1.0,1.0,0.6,10.8
1.0,1.0,1.0,1.0,1.0,0.6,10.8
1.0,1.0,0.0,1.0,1.0,0.6,10.8
1.0,1.0,0.16577486549618564,1.0,0.0,0.6,10.8
0.41479173782559153,1.0,1.0,1.0,1.0,0.6,10.8
0.0,1.0,1.0,1.0,1.0,0.6,10.8
0.5192728654423746,1.0,1.0,1.0,1.0,0.6,10.8
1.0,1.0,0.5732332631102406,1.0,0.0,0.6,10.8
1.0,1.0,1.0,1.0,1.0,0.6,10.8
0.0,1.0,1.0,1.0,1.0,0.6,10.8
1.0,1.0,0.0,1.0,1.0,0.6,10.8
0.5391432435999977,0.7873239531040729,0.4849597406355506,0.3406769994735801,0.4713838963807668,0.6,10.8
1.0,1.0,0.0,1.0,1.0,0.6,10.8
1.0,1.0,1.0,1.0,1.0,0.6,10.8
0.4098473061116561,1.0,1.0,1.0,1.0,0.6,10.8
0.0,1.0,1.0,1.0,1.0,0.6,10.8
0.0,1.0,1.0,1.0,1.0,0.6,10.8
0.521732637022879,0.22756748375015515,0.05335951451771858,0.8824155417782512,0.3908959311943104,0.6,10.8
0.41061921039265337,1.0,1.0,1.0,1.0,0.6,10.8
1.0,1.0,0.0,1.0,1.0,0.6,10.8
1.0,1.0,1.0,1.0,1.0,0.6,10.8
1.0,1.0,0.6565367473278517,0.0,1.0,0.6,10.8
1.0,1.0,1.0,1.0,1.0,0.6,10.8
0.44813973338302476,1.0,1.0,1.0,1.0,0.6,10.8
0.6790629946292229,0.2902541420631663,0.04121428483988989,0.4944400088200012,0.022780214150865976,0.6,10.8
0.0,1.0,1.0,1.0,1.0,0.6,10.8
0.45200947916879947,1.0,1.0,1.0,1.0,0.6,10.8
1.0,1.0,1.0,1.0,1.0,0.6,10.8
1.0,1.0,0.7208915515562272,0.0,1.0,0.6,10.8
1.0,1.0,0.0,1.0,1.0,0.6,10.8
0.0,1.0,1.0,1.0,1.0,0.6,10.8
0.0,1.0,1.0,1.0,1.0,0.6,10.8
0.4465339992240419,0.3630475226759185,0.6562673932651463,0.5132782154775047,0.5096820194102839,0.6,10.8
1.0,1.0,1.0,1.0,1.0,0.6,10.8
1.0,1.0,0.10101612875503461,0.755266870949709,1.0,0.6,10.8
0.4521845373512772,1.0,1.0,1.0,1.0,0.6,10.8
1.0,1.0,0.23054559374637315,0.6192423253913573,1.0,0.6,10.8
0.4506991192525385,1.0,1.0,1.0,1.0,0.6,10.8
0.33655131041167113,0.9671617628630389,0.5611503976300185,0.9093938909786115,0.10940155132926546,0.6,10.8
1.0,1.0,1.0,1.0,1.0,0.6,10.8
0.0,1.0,1.0,1.0,1.0,0.6,10.8
0.6231985773508191,1.0,1.0,1.0,1.0,0.6,10.8
1.0,1.0,1.0,1.0,1.0,0.6,10.8
0.0,1.0,1.0,1.0,1.0,0.6,10.8
1.0,1.0,0.0,0.7204794231763817,1.0,0.6,10.8
0.238329395747416,1.0,1.0,1.0,1.0,0.6,10.8
0.0,1.0,1.0,1.0,1.0,0.6,10.8
1.0,1.0,1.0,1.0,1.0,0.6,10.8
0.4662572751745959,1.0,1.0,1.0,1.0,0.6,10.8
1.0,1.0,0.0,0.7369400011691865,1.0,0.6,10.8
0.0,1.0,1.0,1.0,1.0,0.6,10.8
0.5921737135095146,0.36143138933347085,0.43159130366203075,0.44477918670502575,0.608326459961809,0.6,10.8
0.43834773925787923,1.0,1.0,1.0,1.0,0.6,10.8
1.0,1.0,1.0,0.0,1.0,0.6,10.8
1.0,1.0,1.0,1.0,1.0,0.6,10.8
0.0,1.0,1.0,1.0,1.0,0.6,10.8
0.43873925976555783,1.0,1.0,1.0,1.0,0.6,10.8
0.0,1.0,1.0,1.0,1.0,0.6,10.8
1.0,1.0,1.0,1.0,1.0,0.6,10.8
0.6238529444263261,0.3637422876439119,0.20876725205330937,0.0209084164298523,0.9718104202050699,0.6,10.8
1.0,1.0,1.0,0.0,1.0,0.6,10.8
0.3646430253879316,1.0,1.0,1.0,1.0,0.6,10.8
0.0,1.0,1.0,1.0,1.0,0.6,10.8
0.4093353168937866,0.15967970004337895,0.1097020831405641,0.46340014684869746,0.9657532689902559,0.6,10.8
1.0,1.0,1.0,1.0,1.0,0.6,10.8
1.0,1.0,0.19274276113197056,1.0,1.0,0.6,10.8
0.028457499873315313,0.5366538170446005,0.7052817794584005,0.689818664290684,0.7141446573951226,0.6,10.8
0.3647221110005454,1.0,1.0,1.0,1.0,0.6,10.8
1.0,1.0,0.18376836080345246,1.0,1.0,0.6,10.8
1.0,1.0,1.0,1.0,1.0,0.6,10.8
0.0,1.0,1.0,1.0,1.0,0.6,10.8
1.0,1.0,1.0,1.0,1.0,0.6,10.8
1.0,1.0,0.65808807456776,1.0,0.5476327174453768,0.6,10.8
0.0,1.0,1.0,1.0,1.0,0.6,10.8
0.44214934097219305,1.0,1.0,1.0,1.0,0.6,10.8
1.0,1.0,0.7027898180471417,1.0,0.8731694632407065,0.6,10.8
0.2450550141706641,0.2511685075084864,0.06396563259428129,0.7650382058582647,0.614995399761341,0.6,10.8
1.0,1.0,1.0,1.0,1.0,0.6,10.8
0.4435449748801067,1.0,1.0,1.0,1.0,0.6,10.8
0.0,1.0,1.0,1.0,1.0,0.6,10.8
1.0,1.0,0.6677588598433165,1.0,0.6594537005068877,0.6,10.8
0.4092067353070544,1.0,1.0,1.0,1.0,0.6,10.8
0.0,1.0,1.0,1.0,1.0,0.6,10.8
1.0,1.0,1.0,1.0,1.0,0.6,10.8
0.6725693249266703,1.0,0.36094438576446647,0.06313442007059289,0.24983943535159184,0.6,10.8
1.0,1.0,1.0,1.0,1.0,0.6,10.8
1.0,1.0,1.0,1.0,1.0,0.6,10.8
1.0,1.0,0.38831386721766226,0.7689055724685679,1.0,0.6,10.8
0.610649897756112,1.0,1.0,1.0,1.0,0.6,10.8
0.2316040107840603,1.0,1.0,1.0,1.0,0.6,10.8
0.0,1.0,1.0,1.0,1.0,0.6,10.8
1.0,1.0,1.0,1.0,1.0,0.6,10.8
0.0,1.0,1.0,1.0,1.0,0.6,10.8
0.19263795204858752,0.1716624944969485,0.7718895228528219,0.5677091470383773,0.07456086167609749,0.6,10.8
0.42848948766057404,1.0,1.0,1.0,1.0,0.6,10.8
1.0,1.0,1.0,1.0,1.0,0.6,10.8
0.0,1.0,1.0,1.0,1.0,0.6,10.8
1.0,1.0,1.0,1.0,1.0,0.6,10.8
0.4516790577808331,1.0,1.0,1.0,1.0,0.6,10.8
0.2393788201695617,0.06754262335269985,0.8031786013302791,0.11944615335634357,0.27369341246770384,0.6,10.8
1.0,1.0,0.7071476244643757,0.9753485381787593,1.0,0.6,10.8
0.9999999960566255,1.0,1.0,1.0,1.0,0.6,10.8
1.0,0.9999919551476351,1.0,0.9999999997629865,0.999999999341273,0.6,10.8
0.0,1.0,1.0,1.0,1.0,0.6,10.8
0.34708173997537406,1.0,1.0,1.0,1.0,0.6,10.8
0.5663541648140377,0.4596797277577057,0.03454560595014524,0.8151122723703637,0.07333261029804412,0.6,10.8
1.0,1.0,1.0,1.0,1.0,0.6,10.8
0.0,1.0,1.0,1.0,1.0,0.6,10.8
0.6791177381188591,0.5184483406648499,0.02153793766808221,0.23351814551758923,0.343194416761761,0.6,10.8
0.3471810205813248,1.0,1.0,1.0,1.0,0.6,10.8
1.0,1.0,1.0,1.0,1.0,0.6,10.8
0.0,1.0,1.0,1.0,1.0,0.6,10.8
1.0,1.0,1.0,1.0,1.0,0.6,10.8
0.034402263609154264,0.13085644310619618,0.5886212978553247,0.08531504370005506,0.6070884480893749,0.6,10.8
1.0,1.0,0.7554226727160614,1.0,0.7818721838903181,0.6,10.8
0.46373488133598517,1.0,1.0,1.0,1.0,0.6,10.8
0.10872460071568026,0.2378008714557583,0.01303284214917499,0.5429703048741413,0.8282096321721352,0.6,10.8
0.4639638429730374,1.0,1.0,1.0,1.0,0.6,10.8
1.0,1.0,0.7541523998096111,1.0,0.7802345346455526,0.6,10.8
1.0,1.0,1.0,1.0,1.0,0.6,10.8
0.0,1.0,1.0,1.0,1.0,0.6,10.8
0.0,1.0,1.0,1.0,1.0,0.6,10.8
0.21229118766381874,0.24339952206419768,0.42485477085747364,0.514826587931809,0.6658512664043277,0.6,10.8
0.4332285631752756,1.0,1.0,1.0,1.0,0.6,10.8
1.0,1.0,1.0,1.0,1.0,0.6,10.8
1.0,1.0,1.0,1.0,1.0,0.6,10.8
1.0,1.0,1.0,1.0,1.0,0.6,10.8
0.433518412738778,1.0,1.0,1.0,1.0,0.6,10.8
0.6718395480399618,0.23126403493641984,0.2519147990614876,0.3650537822638296,0.2500726584548855,0.6,10.8
0.0,1.0,1.0,1.0,1.0,0.6,10.8
1.0,1.0,1.0,1.0,1.0,0.6,10.8
0.44512661761607675,1.0,1.0,1.0,1.0,0.6,10.8
0.9999999987872669,0.9999999997322164,0.9999999999999489,0.9999999999352747,0.9999999998717507,0.6,10.8
1.0,1.0,1.0,1.0,1.0,0.6,10.8
0.0,1.0,1.0,1.0,1.0,0.6,10.8
0.4285021993015721,0.8438999379220967,0.2995086757975224,0.055678767212810135,0.23609595784752402,0.6,10.8
0.23366919338813819,1.0,1.0,1.0,1.0,0.6,10.8
0.6349955694729281,1.0,1.0,1.0,1.0,0.6,10.8
0.08769222490998134,0.12233728942129433,0.9235309487235768,0.18676349023961203,0.868547948295977,0.6,10.8
1.0,1.0,1.0,1.0,1.0,0.6,10.8
0.0,1.0,1.0,1.0,1.0,0.6,10.8
0.5005931576990075,0.9147075118158378,0.27864382610288185,0.9345795753054082,0.6122316368788094,0.6,10.8
0.5188862209064043,0.2636670434205277,0.8276991109822616,0.5386204224510037,0.07038380689303887,0.6,10.8
0.0,1.0,1.0,1.0,1.0,0.6,10.8
1.0,1.0,1.0,1.0,1.0,0.6,10.8
0.4808232618467028,1.0,1.0,1.0,1.0,0.6,10.8
0.5619448583928459,1.0,1.0,1.0,1.0,0.6,10.8
1.0,0.1536026039299852,1.0,1.0,1.0,0.6,10.8
1.0,1.0,1.0,1.0,1.0,0.6,10.8
1.0,1.0,1.0,1.0,1.0,0.6,10.8
0.0,1.0,1.0,1.0,1.0,0.6,10.8
0.47551808947339036,0.4017620947346111,0.9776307524724831,0.29759929139708546,0.8574222681927104,0.6,10.8
0.639014837057162,0.7696035388244016,0.5629526444264351,0.0781542826112886,0.1548685645542266,0.6,10.8
0.48587671339002564,1.0,1.0,1.0,1.0,0.6,10.8
1.0,1.0,1.0,1.0,1.0,0.6,10.8
0.0,1.0,1.0,1.0,1.0,0.6,10.8
0.496646789979508,0.28674451958309954,0.5437953601197006,0.7123020196503413,0.20390044151519565,0.6,10.8
0.47484638948721597,0.16113914712426824,0.9078941730216362,0.004468126676915594,0.5384150597579502,0.6,10.8
0.4869180689312706,1.0,1.0,1.0,1.0,0.6,10.8
1.0,1.0,1.0,1.0,1.0,0.6,10.8
0.0,1.0,1.0,1.0,1.0,0.6,10.8
1.0,0.4859993364462325,1.0,1.0,1.0,0.6,10.8
0.02489671207592183,0.119002255583094,0.49592396737700206,0.34880167075768825,0.5854211842497538,0.6,10.8
0.0,1.0,1.0,1.0,1.0,0.6,10.8
0.48436920060304284,1.0,1.0,1.0,1.0,0.6,10.8
1.0,1.0,1.0,1.0,1.0,0.6,10.8
1.0,1.0,1.0,1.0,1.0,0.6,10.8
0.4844195769389983,1.0,1.0,1.0,1.0,0.6,10.8
1.0,0.48129349062348126,1.0,1.0,1.0,0.6,10.8
0.0,1.0,1.0,1.0,1.0,0.6,10.8
0.31675559304205,0.47259084054679573,0.03146690489720536,0.5903460057307522,0.24123110575244175,0.6,10.8
0.6250318977087523,1.0,1.0,1.0,1.0,0.6,10.8
1.0,1.0,1.0,1.0,1.0,0.6,10.8
0.22818395413278453,1.0,1.0,1.0,1.0,0.6,10.8
0.0,1.0,1.0,1.0,1.0,0.6,10.8
1.0,1.0,1.0,1.0,1.0,0.6,10.8
0.0,1.0,1.0,1.0,1.0,0.6,10.8
0.5186968274324757,0.8329509707310924,0.15182610789595863,0.6609348039200681,0.8703304796381591,0.6,10.8
1.0,0.9999994446559922,1.0,1.0,1.0,0.6,10.8
1.0,1.0,1.0,1.0,1.0,0.6,10.8
0.47107958507804243,1.0,1.0,1.0,1.0,0.6,10.8
0.0,1.0,1.0,1.0,1.0,0.6,10.8
0.4597698999709746,1.0,1.0,1.0,1.0,0.6,10.8
0.07741364010727382,0.30006081513835653,0.897112403584375,0.7042758628465984,0.3189776115002023,0.6,10.8
1.0,1.0,1.0,1.0,1.0,0.6,10.8
1.0,1.0,1.0,1.0,1.0,0.6,10.8
0.45969099464009905,1.0,1.0,1.0,1.0,0.6,10.8
0.6364497503890747,0.6423404540554125,0.58692329647746,0.05824242524250288,0.07749940261306293,0.6,10.8
0.0,1.0,1.0,1.0,1.0,0.6,10.8
1.0,1.0,1.0,1.0,1.0,0.6,10.8
1.0,1.0,1.0,1.0,1.0,0.6,10.8
1.0,1.0,1.0,1.0,1.0,0.6,10.8
1.0,0.9999999671838121,1.0,1.0,0.9999999675389774,0.6,10.8
0.4633817969446058,1.0,1.0,1.0,1.0,0.6,10.8
0.0,1.0,1.0,1.0,1.0,0.6,10.8
0.41623524997327604,0.3599248587208751,0.6595785076485128,0.19050862255436107,0.24123167357938713,0.6,10.8
0.4895969392872361,1.0,1.0,1.0,1.0,0.6,10.8
0.06069836000062282,0.3310777048166644,0.8051853341960998,0.5176025710443478,0.47481096784149307,0.6,10.8
0.38414334582240584,0.2998037337580239,0.9226134349853371,0.40343297072457956,0.086961523339252,0.6,10.8
0.0,1.0,1.0,1.0,1.0,0.6,10.8
1.0,1.0,1.0,1.0,1.0,0.6,10.8
0.0,1.0,1.0,1.0,0.0,0.6,10.8
1.0,1.0,0.11223220303307828,1.0,1.0,0.6,10.8
1.0,1.0,0.0,1.0,0.0,0.6,10.8
0.0,1.0,1.0,1.0,1.0,0.6,10.8
1.0,1.0,1.0,1.0,1.0,0.6,10.8
1.0,1.0,1.0,1.0,1.0,0.6,10.8
0.41697102749687837,1.0,1.0,1.0,1.0,0.6,10.8
1.0,1.0,0.0,1.0,1.0,0.6,10.8
1.0,1.0,1.0,1.0,0.0,0.6,10.8
0.0,1.0,1.0,1.0,1.0,0.6,10.8
1.0,1.0,1.0,1.0,1.0,0.6,10.8
1.0,1.0,0.3624385846941177,1.0,1.0,0.6,10.8
1.0,1.0,0.0,1.0,1.0,0.6,10.8
0.39358615554659565,1.0,1.0,1.0,1.0,0.6,10.8
0.0,1.0,1.0,1.0,1.0,0.6,10.8
0.0,1.0,1.0,1.0,1.0,0.6,10.8
0.3586996619843314,1.0,1.0,1.0,1.0,0.6,10.8
1.0,1.0,0.0,1.0,1.0,0.6,10.8
1.0,1.0,0.0,0.9999999998827566,0.9999999998827566,0.6,10.8
1.0,1.0,1.0,1.0,1.0,0.6,10.8
1.0,1.0,1.0,1.0,1.0,0.6,10.8
1.0,1.0,0.0,1.0,1.0,0.6,10.8
0.0,1.0,1.0,1.0,1.0,0.6,10.8
0.42079662997774386,1.0,1.0,1.0,1.0,0.6,10.8
1.0,1.0,1.0,1.0,1.0,0.6,10.8
0.6095823958491916,1.0,1.0,1.0,1.0,0.6,10.8
0.0,1.0,1.0,1.0,1.0,0.6,10.8
0.2325928764613292,1.0,1.0,1.0,1.0,0.6,10.8
1.0,1.0,0.0,1.0,1.0,0.6,10.8
1.0,1.0,1.0,1.0,1.0,0.6,10.8
1.0,1.0,1.0,1.0,1.0,0.6,10.8
1.0,1.0,0.0,1.0,1.0,0.6,10.8
0.6893420147169944,0.7617014342947241,0.6738706678331803,0.28965947817993876,0.6675796494517017,0.6,10.8
0.46052648380338546,1.0,1.0,1.0,1.0,0.6,10.8
0.0,1.0,1.0,1.0,1.0,0.6,10.8
0.4598563712545459,1.0,1.0,1.0,1.0,0.6,10.8
1.0,1.0,0.0,1.0,1.0,0.6,10.8
1.0,1.0,1.0,1.0,1.0,0.6,10.8
1.0,1.0,0.31664174514291227,0.0,1.0,0.6,10.8
0.0,1.0,1.0,1.0,1.0,0.6,10.8
1.0,1.0,1.0,0.0,1.0,0.6,10.8
0.4751965408013406,1.0,1.0,1.0,1.0,0.6,10.8
1.0,1.0,1.0,1.0,1.0,0.6,10.8
0.0,1.0,1.0,1.0,1.0,0.6,10.8
0.4331211250090521,0.8900239829772627,0.25828556752011544,0.9676215663482649,0.9832196283766068,0.6,10.8
0.47582783868308587,1.0,1.0,1.0,1.0,0.6,10.8
0.4648784539874805,0.2261728747146585,0.18375642483639384,0.4779375260203548,0.1611705353427457,0.6,10.8
1.0,1.0,1.0,1.0,1.0,0.6,10.8
1.0,1.0,1.0,0.0,1.0,0.6,10.8
0.0,1.0,1.0,1.0,1.0,0.6,10.8
0.37209937592208425,1.0,1.0,1.0,1.0,0.6,10.8
1.0,1.0,1.0,1.0,1.0,0.6,10.8
0.0,1.0,1.0,1.0,1.0,0.6,10.8
1.0,1.0,0.3435889751512727,0.0,1.0,0.6,10.8
0.7249589168352784,1.0,0.9669843751340258,0.5847000468495599,0.5620526214130942,0.6,10.8
0.0,1.0,1.0,1.0,1.0,0.6,10.8
1.0,1.0,0.3466336349442086,0.0,1.0,0.6,10.8
0.3976726587452714,0.5694679053706069,0.055900342938293976,0.5915154849691584,0.5042664989301867,0.6,10.8
0.3718360912318769,1.0,1.0,1.0,1.0,0.6,10.8
1.0,1.0,1.0,1.0,1.0,0.6,10.8
1.0,1.0,1.0,0.0,1.0,0.6,10.8
0.002578570101702331,0.2405014124956077,0.7570692679376967,0.5872175937733568,0.29000874115774683,0.6,10.8
1.0,1.0,1.0,1.0,1.0,0.6,10.8
0.0,1.0,1.0,1.0,1.0,0.6,10.8
0.36770610655456315,1.0,1.0,1.0,1.0,0.6,10.8
0.0,1.0,1.0,1.0,1.0,0.6,10.8
0.16395715346820783,0.5487600046240069,0.2436687540608309,0.30267704448499255,0.2539296106870524,0.6,10.8
0.367591720878223,1.0,1.0,1.0,1.0,0.6,10.8
1.0,1.0,1.0,0.0,1.0,0.6,10.8
1.0,1.0,1.0,1.0,1.0,0.6,10.8
0.0,1.0,1.0,1.0,1.0,0.6,10.8
1.0,1.0,1.0,0.46818362635994165,1.0,0.6,10.8
1.0,1.0,0.7834400156667021,0.0,0.5629760108421062,0.6,10.8
1.0,1.0,1.0,1.0,1.0,0.6,10.8
0.36376061051269937,1.0,1.0,1.0,1.0,0.6,10.8
1.0,1.0,1.0,1.0,1.0,0.6,10.8
1.0,1.0,0.9418912415244388,0.22417461652131274,0.8492792687996901,0.6,10.8
0.01778414304369375,0.1070311647337064,0.09538498675281774,0.7552207536715251,0.6727677873588617,0.6,10.8
0.36412824778403075,1.0,1.0,1.0,1.0,0.6,10.8
0.0,1.0,1.0,1.0,1.0,0.6,10.8
1.0,1.0,0.9304207294818921,0.6708738908413673,1.0,0.6,10.8
0.0,1.0,1.0,1.0,1.0,0.6,10.8
0.3646513630090252,1.0,1.0,1.0,1.0,0.6,10.8
1.0,1.0,1.0,1.0,1.0,0.6,10.8
0.04924980529467285,0.04437042171395079,0.32266842945802515,0.852066673380704,0.40103494710711923,0.6,10.8
0.42470115281842585,0.6657012759247709,0.24494632725477347,0.14016320432182294,0.9310367279919158,0.6,10.8
0.36501659813776816,1.0,1.0,1.0,1.0,0.6,10.8
1.0,1.0,0.9275886195680316,0.6645731375953441,1.0,0.6,10.8
1.0,1.0,1.0,1.0,1.0,0.6,10.8
0.0,1.0,1.0,1.0,1.0,0.6,10.8
1.0,1.0,1.0,1.0,1.0,0.6,10.8
0.3579684465135268,1.0,1.0,1.0,1.0,0.6,10.8
0.0,1.0,1.0,1.0,1.0,0.6,10.8
0.3764678193431017,0.27550725060376297,0.9767660509181781,0.19112125723156528,0.01823842357894567,0.6,10.8
1.0,1.0,1.0,1.0,1.0,0.6,10.8
0.0,1.0,1.0,1.0,1.0,0.6,10.8
1.0,1.0,1.0,1.0,1.0,0.6,10.8
1.0,1.0,1.0,0.3329612942818108,1.0,0.6,10.8
0.25454098869987396,0.3463698053072816,0.21937199429073861,0.10058219129509288,0.23435605901982434,0.6,10.8
1.0,1.0,1.0,1.0,1.0,0.6,10.8
1.0,0.9999981734050309,1.0,1.0,1.0,0.6,10.8
0.3546406963271663,1.0,1.0,1.0,1.0,0.6,10.8
0.0,1.0,1.0,1.0,1.0,0.6,10.8
1.0,1.0,1.0,1.0,1.0,0.6,10.8
0.2936082039523533,0.35541600715176247,0.7576764544159313,0.67938516627366,0.6926028153157602,0.6,10.8
1.0,1.0,1.0,0.4849102463837318,0.27712595533503553,0.6,10.8
0.3578764477324986,1.0,1.0,1.0,1.0,0.6,10.8
0.9999987850560073,0.9999999999660629,1.0,1.0,1.0,0.6,10.8
1.0,1.0,0.9999999999854458,0.9999999999878083,0.9999999999891912,0.6,10.8
0.0,1.0,1.0,1.0,1.0,0.6,10.8
0.36253246228803065,1.0,1.0,1.0,1.0,0.6,10.8
1.0,1.0,1.0,1.0,0.524364475333676,0.6,10.8
0.23544721237347216,0.6933041210904229,0.46514488772867824,0.3697962285817429,0.4259891786355952,0.6,10.8
0.0,1.0,1.0,1.0,1.0,0.6,10.8
1.0,1.0,1.0,1.0,1.0,0.6,10.8
0.616145596149994,0.18065129157009996,0.4627886989904039,0.06920977146838818,0.2015301561708735,0.6,10.8
0.0,1.0,1.0,1.0,1.0,0.6,10.8
1.0,1.0,1.0,1.0,1.0,0.6,10.8
0.3538834736772177,1.0,1.0,1.0,1.0,0.6,10.8
1.0,1.0,1.0,1.0,1.0,0.6,10.8
1.0,1.0,1.0,1.0,1.0,0.6,10.8
0.35018845389538433,1.0,1.0,1.0,1.0,0.6,10.8
0.813914335259515,0.9092654869177579,0.18835318391543385,0.43878344255495766,0.008351191216663492,0.6,10.8
0.0,1.0,1.0,1.0,1.0,0.6,10.8
1.0,1.0,1.0,1.0,1.0,0.6,10.8
0.3593111871629897,1.0,1.0,1.0,1.0,0.6,10.8
0.0,1.0,1.0,1.0,1.0,0.6,10.8
0.2865466996860705,0.06323157604703522,0.6211671757647146,0.4640672090563085,0.5391629885914617,0.6,10.8
1.0,1.0,1.0,1.0,1.0,0.6,10.8
1.0,1.0,1.0,1.0,0.01816417583578673,0.6,10.8
0.3803041087863133,1.0,1.0,1.0,1.0,0.6,10.8
0.49952933092311114,0.462338407753608,0.6277414325293036,0.617712542248761,0.4899416932950871,0.6,10.8
1.0,0.8407916284407774,0.8734524378241,0.7037307425206557,0.22062581340163834,0.6,10.8
0.0,1.0,1.0,1.0,1.0,0.6,10.8
1.0,1.0,1.0,1.0,1.0,0.6,10.8
0.0,1.0,1.0,1.0,1.0,0.6,10.8
1.0,1.0,1.0,1.0,1.0,0.6,10.8
0.3524270111742294,1.0,1.0,1.0,1.0,0.6,10.8
1.0,1.0,1.0,1.0,0.0,0.6,10.8
1.0,1.0,1.0,1.0,1.0,0.6,10.8
0.0,1.0,1.0,1.0,1.0,0.6,10.8
0.056976856821796804,0.26019241659705206,0.3874983481105943,0.2287494328841328,0.4213464406419227,0.6,10.8
0.36279813210194695,1.0,1.0,1.0,1.0,0.6,10.8
1.0,1.0,1.0,1.0,1.0,0.6,10.8
1.0,1.0,1.0,1.0,0.2125698775072133,0.6,10.8
0.0,1.0,1.0,1.0,1.0,0.6,10.8
1.0,0.9999921691990242,0.9999998888297644,0.9999700904627499,1.0,0.6,10.8
0.35099138247639755,1.0,1.0,1.0,1.0,0.6,10.8
0.9999956748444926,1.0,1.0,1.0,0.9999957437736697,0.6,10.8
1.0,1.0,1.0,1.0,0.0,0.6,10.8
1.0,1.0,0.839408366175902,1.0,0.7084371076359873,0.6,10.8
0.3606610594723656,1.0,1.0,1.0,1.0,0.6,10.8
1.0,0.3943291481831933,0.4876465253394865,0.0,1.0,0.6,10.8
0.0,1.0,1.0,1.0,1.0,0.6,10.8
1.0,1.0,1.0,1.0,1.0,0.6,10.8
0.07943500190981613,0.3353943404492456,0.20368219637391144,0.4242546028264757,0.7979799436875697,0.6,10.8
0.3601063783279881,1.0,1.0,1.0,1.0,0.6,10.8
1.0,1.0,1.0,1.0,1.0,0.6,10.8
1.0,1.0,0.8159922285289245,1.0,0.682350444653815,0.6,10.8
0.0,1.0,1.0,1.0,1.0,0.6,10.8
0.4489558309032938,1.0,1.0,1.0,1.0,0.6,10.8
0.4624971765928918,0.9999960083485107,0.9998117057164997,0.19164688041415062,0.265474096656256,0.6,10.8
0.0,1.0,1.0,1.0,1.0,0.6,10.8
1.0,1.0,1.0,1.0,1.0,0.6,10.8
1.0,1.0,1.0,0.5515185702365553,1.0,0.6,10.8
0.0,1.0,1.0,1.0,1.0,0.6,10.8
0.49232766717787835,0.046043637651366515,0.4090377151279586,0.6654386679948185,0.8850478027868853,0.6,10.8
0.4489897836394878,1.0,1.0,1.0,1.0,0.6,10.8
1.0,1.0,1.0,0.5509690124766666,1.0,0.6,10.8
1.0,1.0,1.0,1.0,1.0,0.6,10.8
0.3969976143644603,0.3319555653583213,0.15016886418759134,0.5547559937408585,0.8422441148231116,0.6,10.8
0.35681649937051774,1.0,1.0,1.0,1.0,0.6,10.8
1.0,1.0,1.0,1.0,1.0,0.6,10.8
1.0,1.0,0.6577603622863438,0.7865938746373651,0.7423186359344806,0.6,10.8
0.0,1.0,1.0,1.0,1.0,0.6,10.8
1.0,1.0,0.6576346917759939,0.7871676514976949,0.7427059828285434,0.6,10.8
1.0,1.0,1.0,1.0,1.0,0.6,10.8
0.35673223977973434,1.0,1.0,1.0,1.0,0.6,10.8
0.0,1.0,1.0,1.0,1.0,0.6,10.8
0.18240108375406144,0.05229672817396284,0.8169481398735695,0.6028007964841084,0.5122437071800933,0.6,10.8
1.0,1.0,0.6688189334423884,0.7694395014429231,0.7483935700864899,0.6,10.8
1.0,1.0,1.0,1.0,1.0,0.6,10.8
0.0,1.0,1.0,1.0,1.0,0.6,10.8
0.4397835516573735,1.0,1.0,1.0,1.0,0.6,10.8
0.049872488898834395,0.6677479561417976,0.2699007608787797,0.3792873038149405,0.0679044157799591,0.6,10.8
0.44027285468734023,1.0,1.0,1.0,1.0,0.6,10.8
0.7383894664010945,0.03783195809252064,0.2197551060997655,0.780722216486104,0.33716006493176337,0.6,10.8
0.5467783382222586,0.27699290238601637,0.2216798875013624,0.1806298303798777,0.19431741072548805,0.6,10.8
1.0,1.0,1.0,1.0,1.0,0.6,10.8
0.0,1.0,1.0,1.0,1.0,0.6,10.8
0.0,1.0,1.0,1.0,1.0,0.6,10.8
1.0,1.0,0.6609396130512442,0.7958410250517326,0.7322741019517627,0.6,10.8
1.0,1.0,1.0,1.0,1.0,0.6,10.8
0.0,1.0,1.0,1.0,1.0,0.6,10.8
0.0,1.0,1.0,1.0,1.0,0.6,10.8
1.0,1.0,1.0,1.0,1.0,0.6,10.8
0.359745892470449,1.0,1.0,1.0,1.0,0.6,10.8
0.0,1.0,1.0,1.0,1.0,0.6,10.8
0.713551400939975,0.5414798154654408,0.3575546349164289,0.30143162981279276,0.7670811023888935,0.6,10.8
1.0,1.0,0.6603950243720204,0.795114022729487,0.7320941813062524,0.6,10.8
0.0,1.0,1.0,1.0,1.0,0.6,10.8
1.0,1.0,0.12198201071090026,1.0,1.0,0.6,10.8
1.0,1.0,0.0,1.0,0.0,0.6,10.8
0.4288473247312079,1.0,1.0,1.0,1.0,0.6,10.8
1.0,1.0,1.0,1.0,1.0,0.6,10.8
1.0,1.0,1.0,1.0,0.0,0.6,10.8
0.0,1.0,1.0,1.0,1.0,0.6,10.8
0.0,1.0,1.0,1.0,0.0,0.6,10.8
1.0,1.0,1.0,1.0,1.0,0.6,10.8
1.0,1.0,0.0,1.0,1.0,0.6,10.8
0.0,1.0,1.0,1.0,1.0,0.6,10.8
0.44473323732814346,1.0,1.0,1.0,1.0,0.6,10.8
1.0,1.0,1.0,1.0,1.0,0.6,10.8
1.0,1.0,0.0,1.0,1.0,0.6,10.8
1.0,1.0,1.0,1.0,1.0,0.6,10.8
1.0,1.0,1.0,1.0,1.0,0.6,10.8
0.4707452506848578,1.0,1.0,1.0,1.0,0.6,10.8
1.0,1.0,0.0,1.0,1.0,0.6,10.8
0.33142069963582466,0.280365252895722,0.9974136069335898,0.1428250151340499,0.5781258977099304,0.6,10.8
0.0,1.0,1.0,1.0,1.0,0.6,10.8
0.9999966338040455,0.9999994125195081,0.9999989311858878,0.9999997140455821,0.9999999904880014,0.6,10.8
0.37540794281426904,1.0,1.0,1.0,1.0,0.6,10.8
1.0,1.0,1.0,0.0,1.0,0.6,10.8
1.0,0.9999995205395377,0.9999994032492027,0.9999998565991165,1.0,0.6,10.8
0.0,1.0,1.0,1.0,1.0,0.6,10.8
0.0,1.0,1.0,1.0,1.0,0.6,10.8
1.0,1.0,1.0,1.0,1.0,0.6,10.8
0.37456385911768336,1.0,1.0,1.0,1.0,0.6,10.8
1.0,1.0,1.0,1.0,1.0,0.6,10.8
0.6229838279555096,0.24884706914976193,0.5871703579253406,0.3588515773375786,0.1489391665989253,0.6,10.8
0.37195627094734823,1.0,1.0,1.0,1.0,0.6,10.8
0.0,1.0,1.0,1.0,1.0,0.6,10.8
0.026585897700618293,0.7339698493022335,0.13868524288615494,0.32618537619658183,0.8199332917839958,0.6,10.8
1.0,1.0,1.0,0.0,1.0,0.6,10.8
1.0,1.0,1.0,1.0,1.0,0.6,10.8
0.0,1.0,1.0,1.0,1.0,0.6,10.8
1.0,1.0,1.0,1.0,1.0,0.6,10.8
1.0,1.0,1.0,0.0,1.0,0.6,10.8
1.0,1.0,1.0,1.0,1.0,0.6,10.8
0.3623160561034992,1.0,1.0,1.0,1.0,0.6,10.8
1.0,1.0,1.0,1.0,1.0,0.6,10.8
0.02210341772281721,0.03744158194110566,0.30448219374267943,0.39529894250786907,0.7129718141921295,0.6,10.8
0.0,1.0,1.0,1.0,1.0,0.6,10.8
0.4450889141505988,1.0,1.0,1.0,1.0,0.6,10.8
1.0,1.0,0.3117577142106807,0.10430679006708815,1.0,0.6,10.8
0.2350500862189575,0.369555460285265,0.2904057864126854,0.8562121541061744,0.3439664986007594,0.6,10.8
1.0,1.0,1.0,1.0,1.0,0.6,10.8
0.0,1.0,1.0,1.0,1.0,0.6,10.8
0.19371171856682176,1.0,1.0,1.0,1.0,0.6,10.8
1.0,0.9491157461441903,0.4074530714507208,0.21244902926635348,1.0,0.6,10.8
1.0,1.0,0.3600021947917911,0.8497170106292499,1.0,0.6,10.8
0.47527318076649216,0.6367200114882597,0.47751237932704854,0.2958085058206136,0.2706228931706086,0.6,10.8
0.0,1.0,1.0,1.0,1.0,0.6,10.8
1.0,1.0,1.0,1.0,1.0,0.6,10.8
0.503351358154334,1.0,1.0,1.0,1.0,0.6,10.8
0.9999956318476043,0.999994774657646,0.9999999982159983,0.9999922429643899,0.999989261380004,0.6,10.8
1.0,0.9999999999999977,0.9999859778096666,0.9999999999999998,0.9999999999999981,0.6,10.8
0.4779564470049578,1.0,1.0,1.0,1.0,0.6,10.8
1.0,1.0,0.0,0.9793449778201653,1.0,0.6,10.8
0.0,1.0,1.0,1.0,1.0,0.6,10.8
0.0,1.0,1.0,1.0,1.0,0.6,10.8
1.0,0.4573611210838946,0.13080380141227876,0.0,1.0,0.6,10.8
1.0,1.0,1.0,1.0,1.0,0.6,10.8
1.0,1.0,0.4557394730092955,1.0,1.0,0.6,10.8
0.3638599895530967,1.0,1.0,1.0,1.0,0.6,10.8
0.3638634675353661,1.0,1.0,1.0,1.0,0.6,10.8
1.0,1.0,1.0,1.0,1.0,0.6,10.8
1.0,1.0,0.4140940521432659,1.0,1.0,0.6,10.8
0.6814724895609884,0.949429544326115,0.038125664674991074,0.1280445749455628,0.24002324584304718,0.6,10.8
0.0,1.0,1.0,1.0,1.0,0.6,10.8
0.3642319684109135,1.0,1.0,1.0,1.0,0.6,10.8
1.0,1.0,1.0,1.0,1.0,0.6,10.8
0.0,1.0,1.0,1.0,1.0,0.6,10.8
1.0,0.20626577164440327,0.0,1.0,1.0,0.6,10.8
1.0,1.0,0.0,1.0,1.0,0.6,10.8
0.0,1.0,1.0,1.0,1.0,0.6,10.8
1.0,0.15549586501345006,0.0,1.0,1.0,0.6,10.8
1.0,1.0,1.0,1.0,1.0,0.6,10.8
1.0,1.0,0.0,1.0,1.0,0.6,10.8
0.3634693788165872,1.0,1.0,1.0,1.0,0.6,10.8
1.0,1.0,0.0,0.7328664451976319,1.0,0.6,10.8
0.36385434767763025,1.0,1.0,1.0,1.0,0.6,10.8
0.0,1.0,1.0,1.0,1.0,0.6,10.8
0.25931156963835783,0.8141634667994739,0.39485774243442817,0.14361098125303895,0.7562637428120029,0.6,10.8
1.0,1.0,1.0,1.0,1.0,0.6,10.8
0.36403558864316127,1.0,1.0,1.0,1.0,0.6,10.8
1.0,1.0,1.0,1.0,1.0,0.6,10.8
1.0,1.0,0.0,0.7309505176914056,1.0,0.6,10.8
0.0,1.0,1.0,1.0,1.0,0.6,10.8
0.6984907350587922,0.8645564687023496,0.33447655244897223,0.8550204727382961,0.06767834523344639,0.6,10.8
1.0,0.8127699104687501,0.4698998804056465,0.6512325848720184,1.0,0.6,10.8
0.3628564151314063,1.0,1.0,1.0,1.0,0.6,10.8
1.0,0.32214953725386775,0.18578842285536654,0.0,1.0,0.6,10.8
1.0,1.0,1.0,1.0,1.0,0.6,10.8
0.0,1.0,1.0,1.0,1.0,0.6,10.8
0.14863885329112422,0.33714200830011165,0.9965488622921648,0.5961117903261928,0.25350958876490515,0.6,10.8
0.0,1.0,1.0,1.0,1.0,0.6,10.8
0.3621948079382021,1.0,1.0,1.0,1.0,0.6,10.8
1.0,1.0,1.0,1.0,1.0,0.6,10.8
1.0,0.4684726372863681,0.2697918929532727,0.0,1.0,0.6,10.8
1.0,1.0,0.24718276501939468,0.9345804753202155,1.0,0.6,10.8
0.22480394675668197,0.8944707767826628,0.22642195200666146,0.8308074202940867,0.098300966163484,0.6,10.8
0.5114812601917131,1.0,1.0,1.0,1.0,0.6,10.8
1.0,1.0,1.0,1.0,1.0,0.6,10.8
0.0,1.0,1.0,1.0,1.0,0.6,10.8
0.5113996094865476,1.0,1.0,1.0,1.0,0.6,10.8
0.6360178490252885,0.034940933745864954,0.10082165944899558,0.8785162640286688,0.668069794089708,0.6,10.8
1.0,1.0,0.249234458155281,0.9072638981875925,1.0,0.6,10.8
0.0,1.0,1.0,1.0,1.0,0.6,10.8
1.0,1.0,1.0,1.0,1.0,0.6,10.8
0.4648789136377776,1.0,1.0,1.0,1.0,0.6,10.8
1.0,1.0,1.0,1.0,1.0,0.6,10.8
0.0,1.0,1.0,1.0,1.0,0.6,10.8
1.0,1.0,0.0,1.0,1.0,0.6,10.8
1.0,0.0,1.0,1.0,1.0,0.6,10.8
1.0,1.0,0.0,1.0,1.0,0.6,10.8
0.47475980987857236,0.7919944600308867,0.10549660572822141,0.9466920736715929,0.5529428876545543,0.6,10.8
0.4648267182552331,1.0,1.0,1.0,1.0,0.6,10.8
1.0,1.0,1.0,1.0,1.0,0.6,10.8
0.0,1.0,1.0,1.0,1.0,0.6,10.8
0.4894986379939998,1.0,1.0,1.0,1.0,0.6,10.8
0.0,1.0,1.0,1.0,1.0,0.6,10.8
1.0,1.0,1.0,1.0,1.0,0.6,10.8
1.0,1.0,0.45054175822507475,1.0,1.0,0.6,10.8
1.0,0.38515203674105664,0.22409276659005833,1.0,1.0,0.6,10.8
1.0,1.0,1.0,1.0,1.0,0.6,10.8
0.49193014789682327,1.0,1.0,1.0,1.0,0.6,10.8
0.33465364711019524,0.2797470386417708,0.3284453986899046,0.4336980043318215,0.4808316677920135,0.6,10.8
0.10889033937834136,0.2648791784126451,0.13007844459082912,0.7423275334965025,0.2011674380001362,0.6,10.8
0.0,1.0,1.0,1.0,1.0,0.6,10.8
1.0,0.831499575066681,0.36643172012703584,1.0,1.0,0.6,10.8
1.0,1.0,1.0,1.0,1.0,0.6,10.8
0.7330438192650626,0.4131387272188697,1.0,1.0,1.0,0.6,10.8
0.5047590278627212,1.0,1.0,1.0,1.0,0.6,10.8
0.0,1.0,1.0,1.0,1.0,0.6,10.8
0.0,1.0,1.0,1.0,1.0,0.6,10.8
1.0,0.48355610344938094,0.20237871723023057,0.8240204185355184,1.0,0.6,10.8
0.5048155987905036,1.0,1.0,1.0,1.0,0.6,10.8
1.0,1.0,1.0,1.0,1.0,0.6,10.8
1.0,1.0,0.5723604960397826,1.0,1.0,0.6,10.8
0.0,1.0,1.0,1.0,1.0,0.6,10.8
1.0,1.0,0.3070184685364117,1.0,1.0,0.6,10.8
1.0,1.0,1.0,1.0,1.0,0.6,10.8
0.4767625407456576,1.0,1.0,1.0,1.0,0.6,10.8
0.10890774871607883,0.4912818438492871,0.17542820038037776,0.0968176212449486,0.39742277167615797,0.6,10.8
0.6258305695746693,1.0,1.0,1.0,1.0,0.6,10.8
1.0,1.0,1.0,1.0,1.0,0.6,10.8
0.0,1.0,1.0,1.0,1.0,0.6,10.8
1.0,1.0,0.3678778105784404,1.0,1.0,0.6,10.8
0.23672197880994936,1.0,1.0,1.0,1.0,0.6,10.8
0.4850845326202377,1.0,1.0,1.0,1.0,0.6,10.8
0.0,1.0,1.0,1.0,1.0,0.6,10.8
0.23660996420955188,0.6699464762246362,0.24792537043407953,0.651875124808397,0.9183044305677537,0.6,10.8
1.0,0.7512534813071263,0.4906982578032011,0.8435283150060787,1.0,0.6,10.8
1.0,1.0,1.0,1.0,1.0,0.6,10.8
0.48529711815245047,1.0,1.0,1.0,1.0,0.6,10.8
1.0,1.0,1.0,1.0,1.0,0.6,10.8
1.0,1.0,0.6556364108109453,1.0,1.0,0.6,10.8
0.0,1.0,1.0,1.0,1.0,0.6,10.8
1.0,0.39263681779050374,0.31902359691573773,0.7253867469025848,1.0,0.6,10.8
1.0,0.0016407178062893201,3.7595497532464446e-07,0.22218337975868452,1.0,0.6,10.8
0.0,1.0,1.0,1.0,1.0,0.6,10.8
1.0,0.999996812700234,1.0,1.0,0.9999999999815234,0.6,10.8
0.9999999989380721,1.0,1.0,1.0,1.0,0.6,10.8
0.5043420642856935,1.0,1.0,1.0,1.0,0.6,10.8
1.0,1.0,1.0,1.0,1.0,0.6,10.8
1.0,1.0,0.44266097326862563,0.6807104936946703,1.0,0.6,10.8
0.4763056491155961,1.0,1.0,1.0,1.0,0.6,10.8
0.0,1.0,1.0,1.0,1.0,0.6,10.8
0.5723952556594321,0.057699107980469594,0.07016080633802148,0.5766387340181496,0.5351465325683377,0.6,10.8
1.0,0.5448637205928063,0.24159817571392567,0.34255101609625027,1.0,0.6,10.8
0.12749583506459106,0.8427283101702284,0.5398009520453776,0.023597122515020837,0.3927578337070083,0.6,10.8
0.0,1.0,1.0,1.0,1.0,0.6,10.8
1.0,1.0,1.0,1.0,1.0,0.6,10.8
0.4901631427652537,1.0,1.0,1.0,1.0,0.6,10.8
1.0,1.0,1.0,1.0,1.0,0.6,10.8
0.4914660930330197,1.0,1.0,1.0,1.0,0.6,10.8
0.1699820945449551,0.6409685111792127,0.6424486680643211,0.6214821154361757,0.09495178881865567,0.6,10.8
0.6648744267953209,0.1515731161743476,0.7747206585339756,0.10154600128525994,0.2744596635258298,0.6,10.8
0.0,1.0,1.0,1.0,1.0,0.6,10.8
0.4073998914313657,0.7847187683241997,0.4784096479423836,0.7214753398694624,0.036032044421008165,0.6,10.8
0.6412887845680765,1.0,1.0,1.0,1.0,0.6,10.8
0.23803721606844752,1.0,1.0,1.0,1.0,0.6,10.8
1.0,1.0,1.0,1.0,1.0,0.6,10.8
0.0,1.0,1.0,1.0,1.0,0.6,10.8
1.0,1.0,1.0,1.0,1.0,0.6,10.8
0.0,1.0,1.0,1.0,1.0,0.6,10.8
0.36268603944005173,0.02550284444538016,0.9842719947772597,0.08292621104215388,0.5397598546648659,0.6,10.8
0.49773272550538283,1.0,1.0,1.0,1.0,0.6,10.8
1.0,1.0,0.3543644998609223,0.3967772504277535,1.0,0.6,10.8
1.0,1.0,0.591927345031621,1.0,1.0,0.6,10.8
0.46867275932690666,1.0,1.0,1.0,1.0,0.6,10.8
1.0,1.0,1.0,1.0,1.0,0.6,10.8
0.0,1.0,1.0,1.0,1.0,0.6,10.8
1.0,0.11484157716820832,0.2954960936230463,0.10577395311517251,1.0,0.6,10.8
0.4669186036880509,1.0,1.0,1.0,1.0,0.6,10.8
1.0,1.0,0.5957906468400991,1.0,1.0,0.6,10.8
0.0,1.0,1.0,1.0,1.0,0.6,10.8
1.0,1.0,1.0,1.0,1.0,0.6,10.8
1.0,0.09217140992261769,0.3035278749983803,0.11209359295561416,1.0,0.6,10.8
0.0,1.0,1.0,1.0,1.0,0.6,10.8
1.0,1.0,1.0,1.0,1.0,0.6,10.8
1.0,1.0,0.34383218236462454,1.0,0.0,0.6,10.8
1.0,1.0,0.0,1.0,1.0,0.6,10.8
0.4146477722357394,1.0,1.0,1.0,1.0,0.6,10.8
1.0,1.0,0.0,1.0,0.0,0.6,10.8
0.0,1.0,1.0,1.0,1.0,0.6,10.8
0.0,1.0,0.0,1.0,1.0,0.6,10.8
1.0,1.0,0.11077540360804956,1.0,1.0,0.6,10.8
1.0,1.0,1.0,1.0,1.0,0.6,10.8
1.0,1.0,1.0,1.0,1.0,0.6,10.8
0.0,1.0,1.0,1.0,1.0,0.6,10.8
0.5917296520724196,1.0,1.0,1.0,1.0,0.6,10.8
1.0,1.0,0.0,1.0,1.0,0.6,10.8
0.22157093167496594,1.0,1.0,1.0,1.0,0.6,10.8
1.0,1.0,0.0,1.0,1.0,0.6,10.8
0.0,1.0,1.0,1.0,1.0,0.6,10.8
0.38387869144223224,1.0,1.0,1.0,1.0,0.6,10.8
1.0,1.0,1.0,1.0,1.0,0.6,10.8
0.6360070431969835,0.5074623497827775,0.12737884183503745,0.18945027134010917,0.09642349120608468,0.6,10.8
1.0,1.0,1.0,0.0,1.0,0.6,10.8
0.0,1.0,1.0,1.0,1.0,0.6,10.8
0.4717965173297492,1.0,1.0,1.0,1.0,0.6,10.8
1.0,1.0,1.0,1.0,0.0,0.6,10.8
1.0,1.0,1.0,1.0,1.0,0.6,10.8
0.47271395943114963,1.0,1.0,1.0,1.0,0.6,10.8
1.0,1.0,1.0,1.0,1.0,0.6,10.8
0.1721773008548883,0.12496945201534689,0.13362686242617464,0.498202707667042,0.16996002213785077,0.6,10.8
0.0,1.0,1.0,1.0,1.0,0.6,10.8
1.0,1.0,1.0,1.0,0.0,0.6,10.8
1.0,0.14759120133096576,1.0,1.0,0.0,0.6,10.8
1.0,1.0,1.0,1.0,1.0,0.6,10.8
0.0,1.0,1.0,1.0,1.0,0.6,10.8
1.0,1.0,1.0,1.0,0.0,0.6,10.8
0.44860198192240475,1.0,1.0,1.0,1.0,0.6,10.8
1.0,1.0,1.0,1.0,0.0,0.6,10.8
1.0,0.13990952794417566,1.0,1.0,0.0,0.6,10.8
1.0,1.0,1.0,1.0,1.0,0.6,10.8
0.0,1.0,1.0,1.0,1.0,0.6,10.8
0.44860389188573996,1.0,1.0,1.0,1.0,0.6,10.8
1.0,0.27173710168623677,1.0,1.0,0.1638118517381048,0.6,10.8
0.20255054055255928,0.597347101333113,0.34020684608993146,0.23128759445856795,0.3856739582142575,0.6,10.8
1.0,1.0,1.0,1.0,1.0,0.6,10.8
0.0,1.0,1.0,1.0,1.0,0.6,10.8
0.0,1.0,1.0,1.0,1.0,0.6,10.8
0.42602000510532967,0.788618878363416,0.893353781473136,0.10823604381740323,0.2945217443527699,0.6,10.8
0.4407686954875622,1.0,1.0,1.0,1.0,0.6,10.8
1.0,1.0,1.0,1.0,1.0,0.6,10.8
1.0,0.2523132484223409,1.0,1.0,0.19489033100847783,0.6,10.8
0.0,1.0,1.0,1.0,1.0,0.6,10.8
0.4489681513056566,1.0,1.0,1.0,1.0,0.6,10.8
1.0,1.0,1.0,1.0,0.0,0.6,10.8
1.0,1.0,1.0,1.0,1.0,0.6,10.8
1.0,0.04312524520434652,0.8305148092830272,1.0,0.0,0.6,10.8
0.0,1.0,1.0,1.0,1.0,0.6,10.8
0.0,1.0,1.0,1.0,1.0,0.6,10.8
1.0,1.0,1.0,1.0,1.0,0.6,10.8
1.0,0.006483553527912399,0.8367758916793074,1.0,0.022795240326377857,0.6,10.8
1.0,1.0,1.0,1.0,0.0,0.6,10.8
0.44886297243104906,1.0,1.0,1.0,1.0,0.6,10.8
1.0,1.0,1.0,1.0,1.0,0.6,10.8
0.10074646636628484,0.012816318463376147,0.4644912053434518,0.850759571727369,0.158361709553526,0.6,10.8
0.4514606243545694,1.0,1.0,1.0,1.0,0.6,10.8
0.0,1.0,1.0,1.0,1.0,0.6,10.8
1.0,0.3186369371063114,0.5051727526911856,1.0,0.6470106500173974,0.6,10.8
1.0,1.0,1.0,1.0,1.0,0.6,10.8
1.0,0.37981185033284964,0.6160728158770338,1.0,0.4417149239380239,0.6,10.8
0.0,1.0,1.0,1.0,1.0,0.6,10.8
0.2143792800179694,0.18728219589577497,0.8909270457084058,0.14024338253632362,0.7267848057872116,0.6,10.8
0.45128853867418983,1.0,1.0,1.0,1.0,0.6,10.8
1.0,0.9020033551659848,0.5336958551058673,0.4958291149731047,1.0,0.6,10.8
0.0,1.0,1.0,1.0,1.0,0.6,10.8
1.0,0.37525230629013473,0.3828625389139261,0.0,1.0,0.6,10.8
1.0,1.0,1.0,1.0,1.0,0.6,10.8
0.36347394709386993,1.0,1.0,1.0,1.0,0.6,10.8
0.2056723408107906,0.8580436186206922,0.16389948025846368,0.19056206061085393,0.25533287750313305,0.6,10.8
0.3634145741265274,1.0,1.0,1.0,1.0,0.6,10.8
0.0,1.0,1.0,1.0,1.0,0.6,10.8
1.0,1.0,1.0,1.0,1.0,0.6,10.8
1.0,0.581840346965759,0.4483627502650607,0.1164430062268507,1.0,0.6,10.8
0.36213380667277356,1.0,1.0,1.0,1.0,0.6,10.8
1.0,1.0,1.0,1.0,1.0,0.6,10.8
0.0,1.0,1.0,1.0,1.0,0.6,10.8
1.0,0.23962380431230257,1.0,0.0,0.916812660806125,0.6,10.8
1.0,0.39125502013323155,1.0,1.0,1.0,0.6,10.8
1.0,0.7631995514016768,1.0,0.4015952921313339,0.0,0.6,10.8
1.0,1.0,1.0,1.0,1.0,0.6,10.8
1.0,0.24516588120787128,1.0,1.0,1.0,0.6,10.8
0.36063515330025625,1.0,1.0,1.0,1.0,0.6,10.8
0.0,1.0,1.0,1.0,1.0,0.6,10.8
0.0,1.0,1.0,1.0,1.0,0.6,10.8
0.6460685746578865,1.0,0.33622382882205915,0.42812710031302903,0.46498129572702046,0.6,10.8
0.4633671326705296,1.0,1.0,1.0,1.0,0.6,10.8
1.0,1.0,1.0,1.0,1.0,0.6,10.8
1.0,0.572247829074941,0.7539160309247861,1.0,0.7499088109254773,0.6,10.8
0.004239614850941572,0.5782402534204732,0.756411297968198,0.10524888313250474,0.7054566814340466,0.6,10.8
0.46473241081608396,1.0,1.0,1.0,1.0,0.6,10.8
0.5045587111221862,0.8607812180018133,0.29615668827223784,1.0,0.7568552642781249,0.6,10.8
1.0,1.0,1.0,1.0,1.0,0.6,10.8
0.0,1.0,1.0,1.0,1.0,0.6,10.8
1.0,0.5680519313894579,0.29102819018458304,0.7171934386879055,0.21568435176925918,0.6,10.8
1.0,1.0,1.0,1.0,1.0,0.6,10.8
1.0,0.9999933454832437,1.0,1.0,1.0,0.6,10.8
0.4418480776165132,1.0,1.0,1.0,1.0,0.6,10.8
0.0,1.0,1.0,1.0,1.0,0.6,10.8
1.0,1.0,1.0,1.0,1.0,0.6,10.8
1.0,0.945147057499379,0.056240248956348785,1.0,1.0,0.6,10.8
0.36101050156274456,1.0,1.0,1.0,1.0,0.6,10.8
0.0,1.0,1.0,1.0,1.0,0.6,10.8
0.30430630078419163,0.1390109885949533,0.9736488501657303,0.25598071258374866,0.25535845595755,0.6,10.8
1.0,1.0,0.6617898359703389,1.0,1.0,0.6,10.8
0.359832608182797,1.0,1.0,1.0,1.0,0.6,10.8
0.0,1.0,1.0,1.0,1.0,0.6,10.8
1.0,0.4261225187479999,0.5431475925478065,1.0,0.6619569270384701,0.6,10.8
1.0,1.0,1.0,1.0,1.0,0.6,10.8
0.22792631795269228,1.0,1.0,1.0,1.0,0.6,10.8
0.5352968539105922,1.0,1.0,1.0,1.0,0.6,10.8
0.0,1.0,1.0,1.0,1.0,0.6,10.8
1.0,1.0,1.0,1.0,1.0,0.6,10.8
1.0,0.6719758788589395,0.5488114226211033,1.0,0.899906284890275,0.6,10.8
0.47040544384808675,1.0,1.0,1.0,1.0,0.6,10.8
1.0,1.0,1.0,1.0,1.0,0.6,10.8
0.47400632320677416,0.4931010367781075,0.4188989684545087,0.014100527830237512,0.30712034270439253,0.6,10.8
1.0,0.8982776750411368,0.7274018926771654,1.0,0.7229918063943659,0.6,10.8
0.0,1.0,1.0,1.0,1.0,0.6,10.8
0.36428798742731233,0.5603209748848135,0.3134945547371783,0.4094139831898372,0.5775398143305598,0.6,10.8
0.46986789280767133,1.0,1.0,1.0,1.0,0.6,10.8
1.0,1.0,1.0,1.0,1.0,0.6,10.8
0.0,1.0,1.0,1.0,1.0,0.6,10.8
1.0,0.9071756969073786,0.7367828638227847,1.0,0.7166981032129688,0.6,10.8
0.4508556756962758,1.0,1.0,1.0,1.0,0.6,10.8
1.0,1.0,1.0,1.0,1.0,0.6,10.8
1.0,0.8535431336432203,0.7197124684115963,1.0,0.8152633004391443,0.6,10.8
0.0,1.0,1.0,1.0,1.0,0.6,10.8
0.19277088633692355,0.15527518371415716,0.5693759691564105,0.4484635095162207,0.971333104704444,0.6,10.8
1.0,0.9999999318057397,0.9999999317813129,0.9999999999655994,0.9999999318973892,0.6,10.8
0.9999999316847956,1.0,1.0,0.9999999318443628,0.999999999911764,0.6,10.8
0.0,1.0,1.0,1.0,1.0,0.6,10.8
1.0,0.5683508807623951,0.8839663404194659,1.0,0.10649052092074975,0.6,10.8
0.34552408692555864,1.0,1.0,1.0,1.0,0.6,10.8
0.0,1.0,1.0,1.0,1.0,0.6,10.8
1.0,1.0,1.0,1.0,0.3006778513736214,0.6,10.8
1.0,1.0,1.0,1.0,1.0,0.6,10.8
0.06349883425896534,0.7366290364454786,0.7879821951960084,0.3281201129571462,0.6397767454968268,0.6,10.8
0.45013081383352715,1.0,1.0,1.0,1.0,0.6,10.8
0.9999806775085986,0.9999999999999977,0.9999960222480029,1.0,0.9999999999651766,0.6,10.8
0.9999999999999121,0.9999935316800318,0.9999856282245704,0.9999938904279527,0.9999922840785861,0.6,10.8
0.0,1.0,1.0,1.0,1.0,0.6,10.8
0.44168531339474576,1.0,1.0,1.0,1.0,0.6,10.8
1.0,0.7556703219997422,0.630970866660367,0.7514425225219025,0.6064840207505208,0.6,10.8
0.0,1.0,1.0,1.0,1.0,0.6,10.8
0.5592286787684482,0.2430392901629011,0.5792357413476557,0.29471953540226475,0.8721551482921895,0.6,10.8
1.0,1.0,1.0,1.0,0.385350971972576,0.6,10.8
0.47954253154881915,1.0,1.0,1.0,1.0,0.6,10.8
1.0,1.0,1.0,1.0,1.0,0.6,10.8
0.6381275283443862,1.0,1.0,1.0,1.0,0.6,10.8
0.23722121332930612,1.0,1.0,1.0,1.0,0.6,10.8
0.29326386219762884,0.024160978800052735,0.061906797106715004,0.5545262697144527,0.7689135515084168,0.6,10.8
0.0,1.0,1.0,1.0,1.0,0.6,10.8
1.0,1.0,1.0,1.0,1.0,0.6,10.8
1.0,1.0,0.633458623765517,1.0,0.6355884948514268,0.6,10.8
1.0,1.0,0.7588365639023807,1.0,0.7818445223323215,0.6,10.8
1.0,1.0,1.0,1.0,1.0,0.6,10.8
0.48701842624380465,1.0,1.0,1.0,1.0,0.6,10.8
0.0,1.0,1.0,1.0,1.0,0.6,10.8
1.0,1.0,0.6811382385671948,1.0,0.6943025108204324,0.6,10.8
0.48427466231931815,1.0,1.0,1.0,1.0,0.6,10.8
0.0,1.0,1.0,1.0,1.0,0.6,10.8
0.5008419214739708,0.20482465138894454,0.33631496815757134,0.2905150271867881,0.7387749566309578,0.6,10.8
1.0,1.0,1.0,1.0,1.0,0.6,10.8
0.48090310178289786,1.0,1.0,1.0,1.0,0.6,10.8
1.0,1.0,0.7767568020844083,1.0,0.8099776238412139,0.6,10.8
1.0,1.0,1.0,1.0,1.0,0.6,10.8
1.0,1.0,0.6455611527857174,1.0,0.6624481658732568,0.6,10.8
0.0,1.0,1.0,1.0,1.0,0.6,10.8
0.2782672471578523,0.35771755475299144,0.08823830954979403,0.6432140888089425,0.3852565280707824,0.6,10.8
0.480286177087631,1.0,1.0,1.0,1.0,0.6,10.8
1.0,1.0,0.6942783592406768,1.0,0.7078757812558516,0.6,10.8
1.0,1.0,1.0,1.0,1.0,0.6,10.8
0.0,1.0,1.0,1.0,1.0,0.6,10.8
0.0,1.0,1.0,1.0,1.0,0.6,10.8
0.472175466545906,1.0,1.0,1.0,1.0,0.6,10.8
1.0,1.0,1.0,0.9999991961009419,1.0,0.6,10.8
1.0,0.9999990774961549,1.0,1.0,0.9999994418790611,0.6,10.8
0.7814552008427152,0.36447624132781786,0.26064194048420386,0.23381498172832807,0.011896000246842849,0.6,10.8
1.0,1.0,1.0,0.9999999996777986,1.0,0.6,10.8
0.46673350859545504,1.0,1.0,1.0,1.0,0.6,10.8
0.0,1.0,1.0,1.0,1.0,0.6,10.8
0.9999999999998962,0.999999999199105,0.9999999998487664,1.0,0.9999999995936235,0.6,10.8
1.0,0.5980365291051851,0.8102995424287563,1.0,0.5915955180457256,0.6,10.8
0.0,1.0,1.0,1.0,1.0,0.6,10.8
1.0,1.0,0.6670932612261645,0.9882394004846211,0.6860407247582317,0.6,10.8
1.0,1.0,0.7096189133317661,1.0,1.0,0.6,10.8
1.0,1.0,1.0,1.0,1.0,0.6,10.8
0.480561895328451,1.0,1.0,1.0,1.0,0.6,10.8
1.0,1.0,0.5476790935214715,0.8370197552095998,0.7675318492946798,0.6,10.8
0.4802732449769708,1.0,1.0,1.0,1.0,0.6,10.8
1.0,1.0,0.7588805348309633,1.0,0.8733209361093586,0.6,10.8
0.0,1.0,1.0,1.0,1.0,0.6,10.8
1.0,1.0,1.0,1.0,1.0,0.6,10.8
1.0,1.0,0.34538339383217104,1.0,1.0,0.6,10.8
0.0,1.0,1.0,1.0,0.0,0.6,10.8
1.0,1.0,0.0,1.0,0.0,0.6,10.8
1.0,1.0,1.0,1.0,1.0,0.6,10.8
0.0,1.0,1.0,1.0,1.0,0.6,10.8
0.0,1.0,1.0,1.0,1.0,0.6,10.8
1.0,1.0,1.0,1.0,1.0,0.6,10.8
1.0,1.0,1.0,1.0,0.0,0.6,10.8
1.0,1.0,0.0,1.0,1.0,0.6,10.8
1.0,1.0,0.0,1.0,0.0,0.6,10.8
1.0,1.0,1.0,1.0,0.0,0.6,10.8
1.0,1.0,1.0,1.0,1.0,0.6,10.8
0.4525988339193123,1.0,1.0,1.0,1.0,0.6,10.8
0.0,1.0,1.0,1.0,1.0,0.6,10.8
1.0,1.0,1.0,0.0,0.07273512341508218,0.6,10.8
0.0,1.0,1.0,1.0,1.0,0.6,10.8
1.0,1.0,1.0,1.0,1.0,0.6,10.8
1.0,1.0,1.0,1.0,0.0,0.6,10.8
1.0,1.0,1.0,0.0,0.0,0.6,10.8
0.43190978615931686,1.0,1.0,1.0,1.0,0.6,10.8
1.0,1.0,1.0,1.0,0.0,0.6,10.8
0.6222134289292982,0.8496162606823232,0.3481268247181308,0.5272541063270885,0.8299788403955365,0.6,10.8
1.0,1.0,1.0,1.0,1.0,0.6,10.8
0.39186343593018674,1.0,1.0,1.0,1.0,0.6,10.8
0.0,1.0,1.0,1.0,1.0,0.6,10.8
0.08745811501476705,0.10327269864420596,0.7487182330080296,0.9037200433481942,0.453117107567319,0.6,10.8
1.0,1.0,1.0,1.0,0.0,0.6,10.8
0.39233839523519737,1.0,1.0,1.0,1.0,0.6,10.8
0.0,1.0,1.0,1.0,1.0,0.6,10.8
1.0,1.0,1.0,1.0,1.0,0.6,10.8
1.0,1.0,1.0,1.0,1.0,0.6,10.8
1.0,1.0,0.999999833334848,0.9999995324416147,1.0014864930863896e-07,0.6,10.8
0.0,1.0,1.0,1.0,1.0,0.6,10.8
0.9999990601028963,0.999999776970848,1.0,0.999987645260027,0.0,0.6,10.8
0.38323957735087616,1.0,1.0,1.0,1.0,0.6,10.8
1.0,1.0,1.0,1.0,1.0,0.6,10.8
1.0,1.0,1.0,1.0,0.0,0.6,10.8
0.6608555651205502,0.4824936156481902,0.29079733201141494,0.6346822698310705,0.7102610155914758,0.6,10.8
0.38352788579473773,1.0,1.0,1.0,1.0,0.6,10.8
0.0,1.0,1.0,1.0,1.0,0.6,10.8
0.46366521445320447,1.0,1.0,1.0,1.0,0.6,10.8
0.0,1.0,1.0,1.0,1.0,0.6,10.8
0.7121105718690497,0.9982790186727596,0.20489437045947073,1.0,0.0,0.6,10.8
1.0,1.0,1.0,1.0,1.0,0.6,10.8
1.0,1.0,1.0,1.0,0.0,0.6,10.8
0.0,1.0,1.0,1.0,1.0,0.6,10.8
1.0,1.0,1.0,1.0,0.0,0.6,10.8
0.38728047651522524,0.3354956645794099,0.6190535052115919,0.69981875889197,0.1460575243212102,0.6,10.8
0.463437256099589,1.0,1.0,1.0,1.0,0.6,10.8
1.0,1.0,1.0,1.0,1.0,0.6,10.8
1.0,1.0,0.999999915082704,0.9999997990841645,1.0,0.6,10.8
0.0,1.0,1.0,1.0,1.0,0.6,10.8
0.43594092954405445,1.0,1.0,1.0,1.0,0.6,10.8
1.0,1.0,1.0,1.0,0.9999996988991796,0.6,10.8
1.0,1.0,1.0,1.0,0.0,0.6,10.8
1.0,1.0,1.0,1.0,0.0,0.6,10.8
1.0,1.0,1.0,1.0,1.0,0.6,10.8
0.0,1.0,1.0,1.0,1.0,0.6,10.8
0.567508846313157,0.6282850934840082,0.2306308602854257,0.2914230977433387,0.7738519610219348,0.6,10.8
1.0,1.0,1.0,1.0,1.0,0.6,10.8
0.0,1.0,1.0,1.0,1.0,0.6,10.8
1.0,1.0,1.0,1.0,1.0,0.6,10.8
0.44722277741142336,0.843447323274505,0.610427775450828,0.25335727881028125,0.4510568634306249,0.6,10.8
1.0,1.0,0.7092151235167674,1.0,0.4448454864812493,0.6,10.8
1.0,1.0,1.0,1.0,1.0,0.6,10.8
0.4616922597286012,1.0,1.0,1.0,1.0,0.6,10.8
0.7046332506463198,0.05832159411188165,0.2119521522049478,0.0952783203949145,0.23139453610528884,0.6,10.8
1.0,1.0,1.0,1.0,1.0,0.6,10.8
0.0,1.0,1.0,1.0,1.0,0.6,10.8
1.0,1.0,0.7559204496180226,1.0,0.490943669879416,0.6,10.8
1.0,1.0,1.0,0.0,0.7638822439430709,0.6,10.8
0.4212783318782659,1.0,1.0,1.0,1.0,0.6,10.8
0.0,1.0,1.0,1.0,1.0,0.6,10.8
1.0,1.0,1.0,1.0,0.27856530957335895,0.6,10.8
1.0,1.0,1.0,1.0,1.0,0.6,10.8
0.45022662379042305,0.9347084173423553,0.2757547871622763,0.5671614508623536,0.5459906690759123,0.6,10.8
0.0,1.0,1.0,1.0,1.0,0.6,10.8
1.0,1.0,1.0,1.0,1.0,0.6,10.8
0.42182138966967936,1.0,1.0,1.0,1.0,0.6,10.8
1.0,1.0,1.0,0.6790504914820384,0.4195635123684123,0.6,10.8
0.0,1.0,1.0,1.0,1.0,0.6,10.8
0.12349481372471514,0.8668615467836404,0.24662150010617212,0.970058342775751,0.020719930494001237,0.6,10.8
0.5410453257262595,1.0,1.0,1.0,1.0,0.6,10.8
0.23385160699706276,1.0,1.0,1.0,1.0,0.6,10.8
1.0,1.0,1.0,1.0,1.0,0.6,10.8
1.0,1.0,1.0,1.0,0.2734308316559459,0.6,10.8
1.0,1.0,1.0,1.0,1.0,0.6,10.8
0.0,1.0,1.0,1.0,1.0,0.6,10.8
0.36730266402440376,1.0,1.0,1.0,1.0,0.6,10.8
0.029435011133248052,0.4635509431638833,0.20494404687712486,0.24283212562275397,0.806023223525863,0.6,10.8
1.0,1.0,1.0,1.0,1.0,0.6,10.8
1.0,1.0,1.0,1.0,0.29285805826526073,0.6,10.8
0.47540464114275083,1.0,1.0,1.0,1.0,0.6,10.8
0.6028761811596363,0.9789556416088797,0.4046447135337279,0.6341167488087912,0.2912241845835736,0.6,10.8
0.0,1.0,1.0,1.0,1.0,0.6,10.8
1.0,1.0,1.0,1.0,1.0,0.6,10.8
0.5441148049413902,0.13633129910062022,0.6340962879019488,0.3981872533055084,0.8264760161471051,0.6,10.8
1.0,1.0,1.0,1.0,0.2955803750378633,0.6,10.8
0.0,1.0,1.0,1.0,1.0,0.6,10.8
0.47455213326091694,1.0,1.0,1.0,1.0,0.6,10.8
0.3685919823090144,1.0,1.0,1.0,1.0,0.6,10.8
1.0,1.0,1.0,1.0,1.0,0.6,10.8
0.0,1.0,1.0,1.0,1.0,0.6,10.8
0.7122311666648733,0.508957930711499,0.17849033053944754,0.45539292671101583,0.7900323389252379,0.6,10.8
1.0,1.0,1.0,1.0,0.1655496836643552,0.6,10.8
0.0,1.0,1.0,1.0,1.0,0.6,10.8
0.368760943806271,1.0,1.0,1.0,1.0,0.6,10.8
1.0,1.0,1.0,1.0,1.0,0.6,10.8
0.7650386866063932,0.06867917257831584,0.09475778274409499,0.23661058601450013,0.6421944678768542,0.6,10.8
0.011416411817509476,0.2574144904048237,0.6562292157448177,0.682921063289097,0.7102089723395598,0.6,10.8
1.0,1.0,1.0,0.9967004280977593,0.23450093668061037,0.6,10.8
0.2333010622099155,1.0,1.0,1.0,1.0,0.6,10.8
0.542639081420722,1.0,1.0,1.0,1.0,0.6,10.8
1.0,1.0,1.0,1.0,1.0,0.6,10.8
0.0,1.0,1.0,1.0,1.0,0.6,10.8
0.0,1.0,1.0,1.0,1.0,0.6,10.8
0.35812457368716677,1.0,1.0,1.0,1.0,0.6,10.8
1.0,1.0,1.0,1.0,1.0,0.6,10.8
1.0,1.0,1.0,0.0,0.8364006143976654,0.6,10.8
1.0,1.0,1.0,1.0,1.0,0.6,10.8
1.0,0.9999999991676037,0.9999999991676037,1.0,0.9999999991676037,0.6,10.8
1.0,1.0,1.0,0.9999999991676037,1.0,0.6,10.8
0.3696287724581063,1.0,1.0,1.0,1.0,0.6,10.8
1.0,1.0,1.0,0.0,0.9999999991676037,0.6,10.8
0.0,1.0,1.0,1.0,1.0,0.6,10.8
0.0,1.0,1.0,1.0,1.0,0.6,10.8
1.0,1.0,1.0,1.0,0.7428847403297424,0.6,10.8
0.36627605338145075,1.0,1.0,1.0,1.0,0.6,10.8
1.0,1.0,1.0,1.0,1.0,0.6,10.8
1.0,1.0,1.0,0.0,1.0,0.6,10.8
1.0,1.0,1.0,1.0,1.0,0.6,10.8
1.0,1.0,1.0,0.7964611928553903,0.6141571920062159,0.6,10.8
0.6428068310432724,0.9280331817672612,0.4769974751980854,0.8352528723913858,0.2248718484259122,0.6,10.8
0.3663607292231655,1.0,1.0,1.0,1.0,0.6,10.8
0.0,1.0,1.0,1.0,1.0,0.6,10.8
0.0,1.0,1.0,1.0,1.0,0.6,10.8
1.0,1.0,1.0,0.8092936806326183,0.6077123264811024,0.6,10.8
0.012345272647373432,0.5158788763381006,0.24544707447814887,0.8120629789633146,0.3457735787588318,0.6,10.8
1.0,1.0,1.0,1.0,1.0,0.6,10.8
0.3663885276755181,1.0,1.0,1.0,1.0,0.6,10.8
0.3694964026459741,1.0,1.0,1.0,1.0,0.6,10.8
1.0,1.0,0.9005913165001037,1.0,0.6134980297155093,0.6,10.8
1.0,1.0,1.0,1.0,1.0,0.6,10.8
0.0,1.0,1.0,1.0,1.0,0.6,10.8
0.06523565051151377,0.8237702573880533,0.5408442941533309,0.04670021250666131,0.22682564768741587,0.6,10.8
0.3688195521784387,1.0,1.0,1.0,1.0,0.6,10.8
1.0,1.0,1.0,1.0,1.0,0.6,10.8
1.0,1.0,0.9002258151170138,0.9976360565243072,0.6139601344813995,0.6,10.8
0.0,1.0,1.0,1.0,1.0,0.6,10.8
0.46401482717293213,0.36813493903476124,0.7805943291562734,0.44439290110183205,0.2336744219859774,0.6,10.8
0.0,1.0,1.0,1.0,1.0,0.6,10.8
1.0,1.0,1.0,1.0,1.0,0.6,10.8
1.0,1.0,1.0,1.0,0.5965544704508388,0.6,10.8
0.401288522071113,0.9635100933735525,0.10166784681797757,0.19123706201032212,0.6535612290158267,0.6,10.8
0.36852470258160513,1.0,1.0,1.0,1.0,0.6,10.8
0.0,1.0,1.0,1.0,1.0,0.6,10.8
0.06292126129892561,0.7040123217414967,0.0456567086443122,0.4858407267313492,0.6171279911417082,0.6,10.8
0.36844827676985004,1.0,1.0,1.0,1.0,0.6,10.8
1.0,1.0,1.0,1.0,1.0,0.6,10.8
1.0,1.0,1.0,1.0,0.598459505917253,0.6,10.8
0.0,1.0,1.0,1.0,1.0,0.6,10.8
0.684923950348244,0.002039182940559243,0.3639106880356626,0.47403250108504436,0.27865350678174156,0.6,10.8
0.3548334356393231,1.0,1.0,1.0,1.0,0.6,10.8
1.0,1.0,1.0,1.0,1.0,0.6,10.8
1.0,1.0,1.0,1.0,1.0,0.6,10.8
1.0,1.0,1.0,1.0,0.5288887260279835,0.6,10.8
0.0,1.0,1.0,1.0,1.0,0.6,10.8
1.0,1.0,1.0,1.0,1.0,0.6,10.8
0.36447462275643683,1.0,1.0,1.0,1.0,0.6,10.8
0.4349572749035678,0.07571432155125951,0.06910188391272357,0.6256028067832677,0.4690763789523671,0.6,10.8
0.44360767471334117,0.3890136177473259,0.3044277491881426,0.030574840839319238,0.5920093609870277,0.6,10.8
0.20020501087949386,0.24959936867352714,0.18705754222900672,0.10161476613360959,0.7974457448638332,0.6,10.8
0.0,1.0,1.0,1.0,1.0,0.6,10.8
0.4533556482930684,1.0,1.0,1.0,1.0,0.6,10.8
1.0,1.0,1.0,1.0,1.0,0.6,10.8
0.567339390282539,0.47806790807339666,0.14759246270779866,0.43949107548003413,0.8507469836408047,0.6,10.8
0.0,1.0,1.0,1.0,1.0,0.6,10.8
0.4328373482854552,1.0,1.0,1.0,1.0,0.6,10.8
1.0,1.0,1.0,1.0,1.0,0.6,10.8
1.0,1.0,1.0,1.0,1.0,0.6,10.8
0.36792565096216834,1.0,1.0,1.0,1.0,0.6,10.8
0.16275893780456172,0.4657873281024752,0.5753776357609307,0.6036083539877083,0.1302277377040954,0.6,10.8
0.24249935368284223,0.08412937939744927,0.5602798314216927,0.8719799755502661,0.5665322754060743,0.6,10.8
1.0,1.0,1.0,1.0,1.0,0.6,10.8
0.0,1.0,1.0,1.0,1.0,0.6,10.8
1.0,1.0,1.0,1.0,1.0,0.6,10.8
0.0,1.0,1.0,1.0,1.0,0.6,10.8
0.3582078611425881,1.0,1.0,1.0,1.0,0.6,10.8
0.13307547585792404,0.6617155290600335,0.16372915768292762,0.29600018124887506,0.16439409426181037,0.6,10.8
1.0,1.0,1.0,1.0,1.0,0.6,10.8
1.0,1.0,1.0,1.0,1.0,0.6,10.8
0.6423380495595493,0.44650648839475504,0.6025503043676729,0.09792548572557531,0.02470286926077246,0.6,10.8
0.2314551866141679,1.0,1.0,1.0,1.0,0.6,10.8
0.5460114380203088,1.0,1.0,1.0,1.0,0.6,10.8
0.0,1.0,1.0,1.0,1.0,0.6,10.8
0.5461994493357077,1.0,1.0,1.0,1.0,0.6,10.8
0.23151120493397592,1.0,1.0,1.0,1.0,0.6,10.8
1.0,1.0,1.0,1.0,1.0,0.6,10.8
0.06108299465732383,0.6219785074442424,0.29414990959437676,0.7273267484407748,0.2855698373448221,0.6,10.8
0.0,1.0,1.0,1.0,1.0,0.6,10.8
0.0,1.0,1.0,1.0,1.0,0.6,10.8
1.0,1.0,1.0,1.0,1.0,0.6,10.8
1.0,1.0,0.0,1.0,0.0,0.6,10.8
0.3983845144235196,1.0,1.0,1.0,1.0,0.6,10.8
1.0,1.0,0.039504762919137563,1.0,1.0,0.6,10.8
0.0,1.0,1.0,1.0,1.0,0.6,10.8
1.0,1.0,1.3923350886552186e-17,1.0,1.0,0.6,10.8
1.0,1.0,0.0,1.0,0.0,0.6,10.8
1.0,1.0,1.0,1.0,1.0,0.6,10.8
0.0,1.0,1.0,1.0,1.0,0.6,10.8
0.0,1.0,1.0,1.0,1.0,0.6,10.8
1.0,1.0,1.0,1.0,1.0,0.6,10.8
1.0,1.0,0.0,1.0,1.0,0.6,10.8
0.41862283860540644,1.0,1.0,1.0,1.0,0.6,10.8
0.03615576943795444,0.6123514060546403,0.0679941224949254,0.24191743901463444,0.015722258940632734,0.6,10.8
1.0,1.0,0.0,1.0,1.0,0.6,10.8
0.0,1.0,1.0,1.0,1.0,0.6,10.8
0.4179847507344001,1.0,1.0,1.0,1.0,0.6,10.8
1.0,1.0,1.0,0.0,1.0,0.6,10.8
1.0,1.0,1.0,1.0,1.0,0.6,10.8
1.0,1.0,9.573411841745403e-05,1.0,1.0,0.6,10.8
1.0,1.0,1.0,1.0,1.0,0.6,10.8
0.0,1.0,1.0,1.0,1.0,0.6,10.8
0.45565002492859635,1.0,1.0,1.0,1.0,0.6,10.8
1.0,1.0,1.0,1.0,0.0,0.6,10.8
1.0,1.0,1.0,1.0,0.0,0.6,10.8
0.45559238368455507,1.0,1.0,1.0,1.0,0.6,10.8
0.28986472389627854,0.3572223131399633,0.21108149813187838,0.39259422637497715,0.7917073592612167,0.6,10.8
1.0,1.0,1.0,1.0,1.0,0.6,10.8
0.0,1.0,1.0,1.0,1.0,0.6,10.8
1.0,1.0,0.0,1.0,1.0,0.6,10.8
1.0,1.0,1.0,1.0,1.0,0.6,10.8
0.5762208664042615,0.40889699526687057,0.5035955791783497,0.026103996409487167,0.7260173188086679,0.6,10.8
0.4435418725128088,1.0,1.0,1.0,1.0,0.6,10.8
0.0,1.0,1.0,1.0,1.0,0.6,10.8
0.3336155549994507,0.2984344680337548,0.49611308352775707,0.21797032908319144,0.6963821410301766,0.6,10.8
0.0,1.0,1.0,1.0,1.0,0.6,10.8
1.0,1.0,0.0,1.0,1.0,0.6,10.8
1.0,1.0,1.0,1.0,1.0,0.6,10.8
0.44368567049685637,1.0,1.0,1.0,1.0,0.6,10.8
1.0,0.0,0.28588183610328727,1.0,1.0,0.6,10.8
0.45148995026678324,1.0,1.0,1.0,1.0,0.6,10.8
0.0,1.0,1.0,1.0,1.0,0.6,10.8
1.0,1.0,1.0,1.0,1.0,0.6,10.8
1.0,1.0,0.0,1.0,1.0,0.6,10.8
0.4533316395645376,1.0,1.0,1.0,1.0,0.6,10.8
1.0,1.0,1.0,1.0,1.0,0.6,10.8
0.25516773918022306,0.10654287639141223,0.22279410560321156,0.9972967025995125,0.19914440579016254,0.6,10.8
1.0,1.0,0.0,1.0,1.0,0.6,10.8
0.0,1.0,1.0,1.0,1.0,0.6,10.8
0.0,1.0,1.0,1.0,1.0,0.6,10.8
1.0,1.0,0.35179448308609557,1.0,0.5611719714380952,0.6,10.8
0.46851401041370544,1.0,1.0,1.0,1.0,0.6,10.8
1.0,1.0,1.0,1.0,1.0,0.6,10.8
1.0,1.0,0.5020637333280773,1.0,0.9780632112467653,0.6,10.8
1.0,0.4210035403300881,0.04855891849630934,0.19920434152039604,1.0,0.6,10.8
0.0,1.0,1.0,1.0,1.0,0.6,10.8
1.0,1.0,0.4635016026447002,1.0,0.7573311014373042,0.6,10.8
1.0,1.0,1.0,1.0,1.0,0.6,10.8
0.4691938358916735,1.0,1.0,1.0,1.0,0.6,10.8
0.0,1.0,1.0,1.0,1.0,0.6,10.8
1.0,1.0,0.0,1.0,1.0,0.6,10.8
1.0,1.0,1.0,1.0,1.0,0.6,10.8
0.3675772005205521,1.0,1.0,1.0,1.0,0.6,10.8
1.0,1.0,0.0,1.0,0.0,0.6,10.8
0.36786536459091185,1.0,1.0,1.0,1.0,0.6,10.8
0.414441034311262,0.9587779568204677,0.6903260019954274,0.0,0.8092236513475697,0.6,10.8
1.0,1.0,1.0,1.0,1.0,0.6,10.8
0.0,1.0,1.0,1.0,1.0,0.6,10.8
1.0,1.0,0.0,1.0,1.0,0.6,10.8
0.36530889998552524,1.0,1.0,1.0,1.0,0.6,10.8
0.44293231602121785,0.08819371133010855,0.3498410515762394,0.1874516547035647,0.6429723083229952,0.6,10.8
1.0,1.0,1.0,1.0,1.0,0.6,10.8
1.0,1.0,0.0,1.0,0.6323079344763544,0.6,10.8
0.0,1.0,1.0,1.0,1.0,0.6,10.8
0.3655628870796426,1.0,1.0,1.0,1.0,0.6,10.8
1.0,1.0,0.0,1.0,0.0,0.6,10.8
1.0,1.0,1.0,1.0,1.0,0.6,10.8
0.0,1.0,1.0,1.0,1.0,0.6,10.8
1.0,1.0,0.08568624254176976,1.0,1.0,0.6,10.8
0.5372238019610581,1.0,1.0,1.0,1.0,0.6,10.8
1.0,1.0,1.0,1.0,1.0,0.6,10.8
1.0,1.0,0.16455563055040134,1.0,0.2519699648752547,0.6,10.8
0.0,1.0,1.0,1.0,1.0,0.6,10.8
0.23196401672337066,1.0,1.0,1.0,1.0,0.6,10.8
0.3647949658302468,1.0,1.0,1.0,1.0,0.6,10.8
0.571646728421402,0.14530999303079037,0.2465338428614521,0.1216086442707704,0.6991794685620574,0.6,10.8
1.0,1.0,1.0,1.0,1.0,0.6,10.8
1.0,1.0,0.06386792001358339,1.0,0.3794645577706674,0.6,10.8
0.0,1.0,1.0,1.0,1.0,0.6,10.8
0.0,1.0,1.0,1.0,1.0,0.6,10.8
0.5312695997191649,1.0,1.0,1.0,1.0,0.6,10.8
1.0,1.0,0.27581901391962704,1.0,0.5643040381965906,0.6,10.8
0.2276443975191876,1.0,1.0,1.0,1.0,0.6,10.8
1.0,1.0,1.0,1.0,1.0,0.6,10.8
0.09952818552955536,0.5324210245042944,0.8510419352019021,0.3862908054406962,0.13528899252298188,0.6,10.8
0.3588098781189243,1.0,1.0,1.0,1.0,0.6,10.8
1.0,1.0,1.0,1.0,1.0,0.6,10.8
1.0,1.0,0.276621122185189,1.0,0.561583673735922,0.6,10.8
0.0,1.0,1.0,1.0,1.0,0.6,10.8
1.0,1.0,1.0,1.0,1.0,0.6,10.8
0.3629061113516305,1.0,1.0,1.0,1.0,0.6,10.8
0.0,1.0,1.0,1.0,1.0,0.6,10.8
1.0,1.0,0.32342772683805443,1.0,0.20237520163545206,0.6,10.8
0.1284885199646955,0.34873747657439996,0.6110921731204519,0.6887055058096979,0.3385587217253355,0.6,10.8
1.0,1.0,0.4269929432464223,1.0,0.1370674118081927,0.6,10.8
1.0,1.0,1.0,1.0,1.0,0.6,10.8
0.0,1.0,1.0,1.0,1.0,0.6,10.8
0.36309639431218965,1.0,1.0,1.0,1.0,0.6,10.8
0.17515216726017885,0.7379805308041328,0.8817015085563041,0.15199876248443234,0.2211858390570159,0.6,10.8
0.05299849343883827,0.14682286995588945,0.5709006438920817,0.5588722180317471,0.45916423528704875,0.6,10.8
1.0,1.0,1.0,1.0,1.0,0.6,10.8
0.3630049506161245,1.0,1.0,1.0,1.0,0.6,10.8
0.0,1.0,1.0,1.0,1.0,0.6,10.8
1.0,1.0,0.7169413153974826,1.0,0.0,0.6,10.8
0.0,1.0,1.0,1.0,1.0,0.6,10.8
1.0,1.0,0.16697521908600432,1.0,0.0,0.6,10.8
0.362766818132653,1.0,1.0,1.0,1.0,0.6,10.8
1.0,1.0,1.0,1.0,0.1313351943168544,0.6,10.8
1.0,1.0,1.0,1.0,1.0,0.6,10.8
0.35985324780677813,1.0,1.0,1.0,1.0,0.6,10.8
0.10170892383052346,0.30414847187028193,0.4684835527542352,0.6494940343841139,0.9125060780938058,0.6,10.8
0.0,1.0,1.0,1.0,1.0,0.6,10.8
1.0,1.0,1.0,1.0,1.0,0.6,10.8
1.0,1.0,0.2867858838617537,1.0,0.2551093818323458,0.6,10.8
0.0,1.0,1.0,1.0,1.0,0.6,10.8
0.2722269725823144,0.6368435216029302,0.6685627437550529,0.45363849139382206,0.0577556893907174,0.6,10.8
1.0,1.0,1.0,1.0,1.0,0.6,10.8
0.07372023330539808,0.02079754987135626,0.28488730037583426,0.29366442643620105,0.13181589487324,0.6,10.8
0.3598996708209908,1.0,1.0,1.0,1.0,0.6,10.8
1.0,1.0,0.0,1.0,0.0,0.6,10.8
1.0,1.0,1.0,1.0,1.0,0.6,10.8
0.3609189321218571,1.0,1.0,1.0,1.0,0.6,10.8
1.0,1.0,0.3928030900335918,1.0,0.8307914364778769,0.6,10.8
0.0,1.0,1.0,1.0,1.0,0.6,10.8
1.0,1.0,0.4495129545566073,1.0,0.0,0.6,10.8
0.0,1.0,1.0,1.0,1.0,0.6,10.8
0.3971333094186445,0.30010833397554665,0.6265501350333487,0.013494777250763522,0.8767826269569591,0.6,10.8
0.360753775559954,1.0,1.0,1.0,1.0,0.6,10.8
1.0,1.0,1.0,1.0,1.0,0.6,10.8
0.3576341019515562,1.0,1.0,1.0,1.0,0.6,10.8
1.0,1.0,0.42208088566503643,1.0,0.46655875086765763,0.6,10.8
1.0,1.0,1.0,1.0,1.0,0.6,10.8
0.0,1.0,1.0,1.0,1.0,0.6,10.8
0.6172020783967549,0.8539650408950559,0.05946393557779559,0.17800582109704488,0.8636965087082764,0.6,10.8
0.1467667503969545,0.8270897061989487,0.3952047470264619,0.9286897225859592,0.08156549496086185,0.6,10.8
0.0,1.0,1.0,1.0,1.0,0.6,10.8
0.3573453690339865,1.0,1.0,1.0,1.0,0.6,10.8
1.0,1.0,1.0,1.0,1.0,0.6,10.8
1.0,1.0,0.4065624991673061,1.0,0.4771059232003178,0.6,10.8
0.35866492287683116,1.0,1.0,1.0,1.0,0.6,10.8
0.0,1.0,1.0,1.0,1.0,0.6,10.8
1.0,1.0,0.583241623165228,1.0,0.7998089004460617,0.6,10.8
1.0,1.0,0.40583011243314765,1.0,0.47950699913430245,0.6,10.8
1.0,1.0,1.0,1.0,1.0,0.6,10.8
0.0,1.0,1.0,1.0,1.0,0.6,10.8
1.0,1.0,0.40136373660230773,1.0,0.48171949991107194,0.6,10.8
1.0,1.0,0.5884686226639276,1.0,0.808675776290502,0.6,10.8
1.0,1.0,1.0,1.0,1.0,0.6,10.8
0.3579153791603393,1.0,1.0,1.0,1.0,0.6,10.8
0.3605657163411689,1.0,1.0,1.0,1.0,0.6,10.8
1.0,1.0,0.20350718372010185,1.0,1.0,0.6,10.8
0.0,1.0,1.0,1.0,1.0,0.6,10.8
1.0,1.0,0.0,1.0,0.0,0.6,10.8
1.0,1.0,1.0,1.0,1.0,0.6,10.8
0.9999999923664408,1.0,0.9999999923664408,1.0,0.9999999923664408,0.6,10.8
1.0,0.9999999923664408,1.0,0.9999999923664408,1.0,0.6,10.8
1.0,1.0,0.7557947177064759,1.0,0.22378219276699834,0.6,10.8
0.0,1.0,1.0,1.0,1.0,0.6,10.8
1.0,1.0,0.0,1.0,0.0,0.6,10.8
1.0,1.0,1.0,1.0,1.0,0.6,10.8
0.780569241786428,0.013813998363893664,0.9260815393577359,0.12961853893309097,0.2352001357353336,0.6,10.8
0.0,1.0,1.0,1.0,1.0,0.6,10.8
1.0,1.0,0.0,1.0,1.0,0.6,10.8
0.3600871397728166,1.0,1.0,1.0,1.0,0.6,10.8
0.3600735431117213,1.0,1.0,1.0,1.0,0.6,10.8
1.0,1.0,0.11426587929983514,1.0,0.31011413030644724,0.6,10.8
0.0,1.0,1.0,1.0,1.0,0.6,10.8
1.0,1.0,1.0,1.0,1.0,0.6,10.8
1.0,1.0,0.32844286734541206,1.0,1.0,0.6,10.8
1.0,1.0,1.0,1.0,0.00833232941267379,0.6,10.8
1.0,1.0,1.0,1.0,1.0,0.6,10.8
0.3578879114147326,1.0,1.0,1.0,1.0,0.6,10.8
0.6394047918115103,0.06886346081951648,0.5574257177775066,0.6133396599757397,0.40180728391678794,0.6,10.8
0.0,1.0,1.0,1.0,1.0,0.6,10.8
1.0,1.0,0.15964994913906103,1.0,0.13424776868592206,0.6,10.8
0.4179695424136346,0.7149182305340023,0.06152329709695809,0.885680754023241,0.5387256632530842,0.6,10.8
0.0,1.0,1.0,1.0,1.0,0.6,10.8
1.0,1.0,1.0,1.0,1.0,0.6,10.8
1.0,1.0,1.0,1.0,1.0,0.6,10.8
0.0,1.0,1.0,1.0,1.0,0.6,10.8
1.0,1.0,1.0,1.0,1.0,0.6,10.8
0.3570220686298168,1.0,1.0,1.0,1.0,0.6,10.8
0.742896360256869,0.4533650754770021,0.7294819249040734,0.1507249296124694,0.13225893126476965,0.6,10.8
1.0,1.0,1.0,1.0,0.0,0.6,10.8
0.35712057118657997,1.0,1.0,1.0,1.0,0.6,10.8
1.0,1.0,1.0,1.0,1.0,0.6,10.8
0.0,1.0,1.0,1.0,1.0,0.6,10.8
1.0,1.0,1.0,1.0,0.0,0.6,10.8
0.5670320839393412,1.0,0.5998184422283837,0.26080928144501914,0.14144655446113358,0.6,10.8
